Variation,Numero
-2002,1
-2002,2
-2002,3
-2002,4
-2002,5
-2002,6
-2002,7
-2003,8
-2002,9
-2002,10
-2003,11
-2003,12
-2003,13
-2002,14
-2002,15
-2003,16
-2002,17
-2002,18
-2002,19
-2002,20
-2003,21
-2003,22
-2003,23
-2003,24
-2003,25
-2003,26
-2002,27
-2002,28
-2001,29
-2001,30
-2001,31
-2001,32
-2001,33
-2001,34
-2001,35
-2001,36
-2001,37
-2001,38
-2001,39
-2001,40
-2001,41
-2001,42
-2001,43
-2001,44
-2001,45
-2001,46
-2001,47
-2001,48
-2001,49
-2001,50
-2001,51
-2001,52
-2000,53
-2000,54
-2000,55
-2000,56
-2000,57
-1999,58
-1999,59
-2000,60
-2000,61
-1999,62
-1999,63
-2000,64
-2000,65
-1999,66
-2000,67
-2000,68
-2000,69
-2000,70
-1999,71
-1999,72
-1999,73
-1999,74
-1999,75
-1998,76
-1999,77
-1998,78
-1999,79
-1998,80
-1999,81
-1999,82
-1999,83
-1998,84
-1998,85
-1999,86
-1999,87
-1999,88
-1999,89
-2000,90
-1999,91
-1999,92
-1999,93
-1999,94
-1999,95
-1998,96
-1998,97
-1999,98
-1998,99
-1999,100
-1999,101
-1999,102
-2000,103
-2000,104
-2000,105
-2000,106
-2000,107
-2001,108
-2001,109
-2001,110
-2000,111
-2000,112
-2000,113
-2000,114
-2000,115
-2000,116
-2000,117
-2000,118
-2000,119
-2000,120
-2000,121
-2000,122
-2000,123
-2000,124
-2001,125
-2001,126
-2001,127
-2001,128
-2001,129
-2002,130
-2001,131
-2002,132
-2002,133
-2002,134
-2002,135
-2002,136
-2002,137
-2002,138
-2001,139
-2001,140
-2002,141
-2002,142
-2002,143
-2002,144
-2003,145
-2003,146
-2003,147
-2003,148
-2002,149
-2002,150
-2002,151
-2002,152
-2002,153
-2002,154
-2002,155
-2002,156
-2002,157
-2001,158
-2001,159
-2001,160
-2001,161
-2001,162
-2001,163
-2001,164
-2001,165
-2001,166
-2001,167
-2000,168
-2001,169
-2001,170
-2001,171
-2001,172
-2001,173
-2001,174
-2001,175
-2001,176
-2000,177
-2000,178
-2001,179
-2001,180
-2001,181
-2001,182
-2001,183
-2000,184
-2001,185
-2000,186
-2000,187
-1999,188
-1999,189
-1999,190
-1999,191
-2000,192
-2000,193
-2000,194
-2000,195
-2000,196
-2000,197
-2000,198
-2000,199
-2000,200
-2000,201
-2000,202
-2000,203
-2000,204
-2000,205
-2000,206
-2000,207
-2000,208
-2001,209
-2001,210
-2001,211
-2001,212
-2002,213
-2002,214
-2002,215
-2002,216
-2002,217
-2003,218
-2003,219
-2002,220
-2003,221
-2002,222
-2002,223
-2002,224
-2002,225
-2002,226
-2002,227
-2002,228
-2002,229
-2002,230
-2002,231
-2001,232
-2001,233
-2002,234
-2002,235
-2002,236
-2002,237
-2002,238
-2003,239
-2002,240
-2003,241
-2002,242
-2001,243
-2001,244
-2001,245
-2001,246
-2001,247
-2001,248
-2001,249
-2001,250
-2001,251
-2000,252
-2001,253
-2001,254
-2001,255
-2001,256
-2001,257
-2001,258
-2001,259
-2000,260
-2000,261
-2001,262
-2001,263
-2000,264
-2000,265
-2000,266
-2000,267
-2000,268
-2000,269
-2000,270
-2000,271
-2000,272
-2000,273
-2000,274
-2001,275
-2001,276
-2001,277
-2001,278
-2001,279
-2001,280
-2000,281
-2000,282
-2001,283
-2000,284
-2001,285
-2001,286
-2001,287
-2001,288
-2001,289
-2001,290
-2001,291
-2001,292
-2000,293
-2001,294
-2001,295
-2001,296
-2001,297
-2001,298
-2000,299
-2001,300
-2001,301
-2002,302
-2001,303
-2002,304
-2001,305
-2002,306
-2002,307
-2002,308
-2002,309
-2002,310
-2001,311
-2001,312
-2001,313
-2001,314
-2001,315
-2001,316
-2001,317
-2001,318
-2001,319
-2002,320
-2002,321
-2002,322
-2002,323
-2002,324
-2001,325
-2002,326
-2001,327
-2002,328
-2001,329
-2001,330
-2001,331
-2002,332
-2002,333
-2002,334
-2001,335
-2002,336
-2001,337
-2001,338
-2001,339
-2001,340
-2001,341
-2001,342
-2002,343
-2001,344
-2001,345
-2001,346
-2001,347
-2001,348
-2001,349
-2001,350
-2001,351
-2001,352
-2001,353
-2001,354
-2001,355
-2002,356
-2002,357
-2002,358
-2002,359
-2002,360
-2002,361
-2001,362
-2001,363
-2000,364
-2000,365
-2000,366
-2000,367
-2001,368
-2001,369
-2001,370
-2001,371
-2001,372
-2001,373
-2001,374
-2000,375
-2000,376
-2000,377
-2000,378
-2000,379
-2000,380
-2000,381
-1999,382
-1999,383
-1999,384
-1999,385
-1999,386
-1999,387
-1999,388
-2000,389
-2000,390
-2000,391
-2000,392
-2000,393
-2000,394
-2000,395
-2000,396
-1999,397
-2000,398
-1999,399
-1999,400
-1999,401
-1999,402
-1999,403
-1999,404
-1999,405
-1998,406
-1998,407
-1998,408
-1998,409
-1998,410
-1998,411
-1999,412
-1999,413
-2000,414
-2000,415
-1999,416
-1999,417
-1999,418
-1999,419
-1998,420
-1998,421
-1998,422
-1998,423
-1998,424
-1998,425
-1999,426
-1999,427
-1999,428
-1999,429
-1999,430
-1999,431
-2000,432
-2000,433
-2000,434
-2000,435
-2000,436
-1999,437
-1999,438
-1999,439
-1999,440
-1999,441
-2000,442
-2000,443
-2000,444
-2000,445
-2000,446
-2001,447
-2000,448
-2001,449
-2000,450
-2001,451
-2000,452
-2000,453
-2000,454
-2000,455
-2000,456
-2000,457
-1999,458
-2000,459
-1999,460
-2000,461
-1999,462
-1999,463
-2000,464
-2000,465
-2000,466
-2001,467
-2000,468
-2001,469
-2001,470
-2001,471
-2001,472
-2001,473
-2002,474
-2001,475
-2001,476
-2001,477
-2000,478
-2001,479
-2000,480
-2000,481
-2001,482
-2001,483
-2001,484
-2000,485
-2001,486
-2001,487
-2000,488
-2000,489
-2000,490
-1999,491
-2000,492
-2000,493
-1999,494
-2000,495
-1999,496
-1999,497
-2000,498
-1999,499
-2000,500
-2000,501
-2000,502
-2000,503
-2000,504
-2000,505
-2000,506
-2000,507
-2001,508
-2000,509
-2000,510
-2000,511
-2000,512
-2000,513
-2000,514
-1999,515
-2000,516
-2000,517
-2000,518
-2000,519
-2000,520
-2000,521
-1999,522
-1999,523
-1999,524
-1999,525
-2000,526
-2000,527
-2000,528
-2000,529
-2001,530
-2001,531
-2000,532
-2001,533
-2000,534
-2000,535
-2000,536
-2000,537
-2001,538
-2001,539
-2001,540
-2001,541
-2001,542
-2001,543
-2002,544
-2002,545
-2002,546
-2002,547
-2001,548
-2001,549
-2001,550
-2001,551
-2001,552
-2001,553
-2001,554
-2001,555
-2001,556
-2001,557
-2000,558
-2000,559
-2001,560
-2001,561
-2001,562
-2001,563
-2001,564
-2001,565
-2000,566
-2000,567
-2000,568
-2000,569
-2000,570
-2000,571
-2000,572
-2001,573
-2001,574
-2001,575
-2001,576
-2002,577
-2001,578
-2001,579
-2000,580
-2000,581
-2000,582
-2000,583
-2000,584
-2000,585
-2000,586
-2000,587
-2000,588
-2001,589
-2000,590
-2000,591
-1999,592
-2000,593
-2000,594
-2000,595
-2001,596
-2001,597
-2001,598
-2002,599
-2002,600
-2002,601
-2002,602
-2002,603
-2002,604
-2002,605
-2002,606
-2003,607
-2003,608
-2003,609
-2003,610
-2002,611
-2003,612
-2003,613
-2003,614
-2003,615
-2003,616
-2003,617
-2003,618
-2003,619
-2003,620
-2003,621
-2003,622
-2003,623
-2003,624
-2003,625
-2003,626
-2003,627
-2003,628
-2003,629
-2003,630
-2004,631
-2004,632
-2004,633
-2004,634
-2004,635
-2004,636
-2004,637
-2004,638
-2004,639
-2004,640
-2004,641
-2004,642
-2004,643
-2004,644
-2003,645
-2004,646
-2003,647
-2003,648
-2003,649
-2003,650
-2003,651
-2003,652
-2004,653
-2003,654
-2004,655
-2003,656
-2003,657
-2003,658
-2003,659
-2003,660
-2003,661
-2003,662
-2003,663
-2003,664
-2004,665
-2003,666
-2004,667
-2004,668
-2003,669
-2003,670
-2003,671
-2003,672
-2003,673
-2003,674
-2003,675
-2003,676
-2003,677
-2003,678
-2003,679
-2003,680
-2003,681
-2003,682
-2003,683
-2003,684
-2003,685
-2003,686
-2003,687
-2003,688
-2003,689
-2003,690
-2003,691
-2003,692
-2003,693
-2002,694
-2002,695
-2001,696
-2001,697
-2001,698
-2001,699
-2001,700
-2001,701
-2001,702
-2002,703
-2002,704
-2002,705
-2002,706
-2002,707
-2002,708
-2002,709
-2002,710
-2002,711
-2002,712
-2002,713
-2002,714
-2002,715
-2002,716
-2003,717
-2003,718
-2003,719
-2003,720
-2003,721
-2003,722
-2002,723
-2003,724
-2003,725
-2003,726
-2004,727
-2003,728
-2004,729
-2003,730
-2003,731
-2003,732
-2003,733
-2003,734
-2003,735
-2003,736
-2003,737
-2003,738
-2003,739
-2003,740
-2002,741
-2003,742
-2002,743
-2003,744
-2003,745
-2003,746
-2004,747
-2004,748
-2004,749
-2004,750
-2004,751
-2004,752
-2003,753
-2003,754
-2003,755
-2003,756
-2003,757
-2003,758
-2003,759
-2003,760
-2003,761
-2003,762
-2003,763
-2003,764
-2003,765
-2003,766
-2002,767
-2002,768
-2002,769
-2002,770
-2002,771
-2001,772
-2002,773
-2001,774
-2001,775
-2001,776
-2001,777
-2001,778
-2001,779
-2001,780
-2001,781
-2001,782
-2001,783
-2000,784
-2000,785
-2000,786
-1999,787
-2000,788
-1999,789
-2000,790
-2000,791
-1999,792
-2000,793
-2000,794
-2001,795
-2000,796
-2000,797
-2000,798
-2000,799
-1999,800
-2000,801
-2000,802
-2000,803
-2000,804
-2000,805
-2000,806
-2001,807
-2001,808
-2000,809
-2001,810
-2001,811
-2001,812
-2001,813
-2001,814
-2001,815
-2000,816
-2001,817
-2001,818
-2001,819
-2001,820
-2001,821
-2001,822
-2001,823
-2002,824
-2002,825
-2002,826
-2002,827
-2002,828
-2002,829
-2002,830
-2002,831
-2001,832
-2001,833
-2002,834
-2002,835
-2002,836
-2003,837
-2003,838
-2004,839
-2004,840
-2004,841
-2003,842
-2003,843
-2003,844
-2003,845
-2003,846
-2003,847
-2003,848
-2003,849
-2003,850
-2003,851
-2003,852
-2002,853
-2002,854
-2002,855
-2002,856
-2002,857
-2001,858
-2001,859
-2001,860
-2001,861
-2001,862
-2001,863
-2000,864
-2000,865
-2000,866
-2000,867
-2000,868
-2000,869
-2000,870
-2000,871
-2000,872
-2000,873
-2000,874
-2000,875
-2000,876
-2001,877
-2000,878
-2000,879
-2000,880
-2000,881
-2001,882
-2001,883
-2001,884
-2001,885
-2001,886
-2000,887
-2000,888
-2000,889
-2000,890
-2000,891
-1999,892
-2000,893
-2000,894
-2000,895
-2000,896
-1999,897
-2000,898
-1999,899
-2000,900
-2000,901
-2000,902
-2000,903
-2000,904
-2000,905
-2000,906
-2000,907
-2001,908
-2001,909
-2001,910
-2001,911
-2001,912
-2002,913
-2002,914
-2002,915
-2003,916
-2002,917
-2001,918
-2001,919
-2001,920
-2002,921
-2001,922
-2001,923
-2001,924
-2001,925
-2001,926
-2001,927
-2001,928
-2002,929
-2001,930
-2001,931
-2001,932
-2001,933
-2001,934
-2001,935
-2001,936
-2001,937
-2001,938
-2001,939
-2001,940
-2002,941
-2002,942
-2001,943
-2002,944
-2002,945
-2002,946
-2002,947
-2002,948
-2002,949
-2002,950
-2002,951
-2002,952
-2002,953
-2002,954
-2002,955
-2002,956
-2002,957
-2002,958
-2001,959
-2002,960
-2001,961
-2001,962
-2001,963
-2001,964
-2001,965
-2000,966
-2000,967
-2001,968
-2001,969
-2000,970
-2000,971
-2000,972
-2001,973
-2001,974
-2001,975
-2001,976
-2001,977
-2001,978
-2000,979
-2000,980
-2001,981
-2000,982
-2001,983
-2000,984
-2000,985
-1999,986
-1999,987
-1999,988
-1998,989
-1999,990
-1998,991
-1998,992
-1999,993
-1999,994
-1999,995
-1999,996
-1999,997
-1999,998
-1999,999
-1999,1000
-1999,1001
-1999,1002
-1999,1003
-1999,1004
-1999,1005
-2000,1006
-2000,1007
-2000,1008
-2000,1009
-1999,1010
-1999,1011
-1999,1012
-1999,1013
-1999,1014
-1999,1015
-1999,1016
-2000,1017
-2000,1018
-1999,1019
-2000,1020
-2000,1021
-2000,1022
-2000,1023
-1999,1024
-2000,1025
-1999,1026
-2000,1027
-1999,1028
-2000,1029
-2000,1030
-1999,1031
-2000,1032
-1999,1033
-2000,1034
-2001,1035
-2001,1036
-2002,1037
-2002,1038
-2002,1039
-2002,1040
-2002,1041
-2003,1042
-2002,1043
-2002,1044
-2002,1045
-2001,1046
-2001,1047
-2002,1048
-2001,1049
-2001,1050
-2002,1051
-2002,1052
-2002,1053
-2002,1054
-2002,1055
-2001,1056
-2002,1057
-2002,1058
-2002,1059
-2002,1060
-2003,1061
-2003,1062
-2003,1063
-2002,1064
-2002,1065
-2003,1066
-2002,1067
-2002,1068
-2002,1069
-2002,1070
-2002,1071
-2002,1072
-2002,1073
-2002,1074
-2002,1075
-2003,1076
-2003,1077
-2003,1078
-2004,1079
-2003,1080
-2004,1081
-2004,1082
-2004,1083
-2004,1084
-2004,1085
-2004,1086
-2003,1087
-2003,1088
-2003,1089
-2003,1090
-2003,1091
-2003,1092
-2003,1093
-2003,1094
-2004,1095
-2004,1096
-2003,1097
-2003,1098
-2003,1099
-2003,1100
-2003,1101
-2003,1102
-2002,1103
-2002,1104
-2002,1105
-2002,1106
-2002,1107
-2001,1108
-2002,1109
-2002,1110
-2001,1111
-2001,1112
-2001,1113
-2001,1114
-2001,1115
-2001,1116
-2002,1117
-2002,1118
-2002,1119
-2002,1120
-2002,1121
-2002,1122
-2002,1123
-2002,1124
-2002,1125
-2001,1126
-2001,1127
-2001,1128
-2000,1129
-2000,1130
-2000,1131
-2000,1132
-2000,1133
-1999,1134
-1999,1135
-1999,1136
-1999,1137
-1999,1138
-1999,1139
-1999,1140
-1999,1141
-1999,1142
-1998,1143
-1998,1144
-1998,1145
-1998,1146
-1998,1147
-1998,1148
-1998,1149
-1998,1150
-1998,1151
-1998,1152
-1998,1153
-1998,1154
-1998,1155
-1998,1156
-1998,1157
-1999,1158
-1999,1159
-1998,1160
-1999,1161
-1999,1162
-1999,1163
-1998,1164
-1998,1165
-1998,1166
-1998,1167
-1998,1168
-1999,1169
-1998,1170
-1998,1171
-1997,1172
-1996,1173
-1996,1174
-1996,1175
-1997,1176
-1997,1177
-1997,1178
-1998,1179
-1999,1180
-1999,1181
-1998,1182
-1998,1183
-1998,1184
-1996,1185
-1994,1186
-1995,1187
-1996,1188
-1996,1189
-1996,1190
-1996,1191
-1996,1192
-1996,1193
-1996,1194
-1997,1195
-1996,1196
-1997,1197
-1997,1198
-1998,1199
-1999,1200
-1998,1201
-1998,1202
-1999,1203
-1999,1204
-1998,1205
-1998,1206
-1998,1207
-1996,1208
-1996,1209
-1996,1210
-1997,1211
-1997,1212
-1997,1213
-2000,1214
-1999,1215
-2000,1216
-2000,1217
-2001,1218
-2000,1219
-1999,1220
-2001,1221
-2001,1222
-2003,1223
-2002,1224
-2001,1225
-2001,1226
-2001,1227
-2001,1228
-2000,1229
-1996,1230
-1998,1231
-1997,1232
-1995,1233
-1996,1234
-1998,1235
-2000,1236
-1997,1237
-1996,1238
-1997,1239
-1999,1240
-1997,1241
-1997,1242
-2000,1243
-2002,1244
-1999,1245
-1999,1246
-2002,1247
-1999,1248
-1999,1249
-1999,1250
-1999,1251
-2001,1252
-1999,1253
-1996,1254
-1995,1255
-1996,1256
-1998,1257
-2000,1258
-2007,1259
-2013,1260
-2008,1261
-2016,1262
-2016,1263
-2018,1264
-2004,1265
-1993,1266
-1999,1267
-2003,1268
-2003,1269
-2006,1270
-1997,1271
-1999,1272
-2000,1273
-1993,1274
-1999,1275
-2001,1276
-2007,1277
-2010,1278
-2005,1279
-2010,1280
-2003,1281
-2004,1282
-2010,1283
-2009,1284
-2007,1285
-2011,1286
-2012,1287
-2009,1288
-2007,1289
-2001,1290
-2004,1291
-2005,1292
-2000,1293
-2001,1294
-2001,1295
-2004,1296
-1997,1297
-1994,1298
-1987,1299
-1982,1300
-1980,1301
-1972,1302
-1976,1303
-1973,1304
-1971,1305
-1972,1306
-1973,1307
-1975,1308
-1968,1309
-1959,1310
-1964,1311
-1959,1312
-1964,1313
-1961,1314
-1970,1315
-1979,1316
-1973,1317
-1967,1318
-1970,1319
-1974,1320
-1987,1321
-1994,1322
-1991,1323
-1989,1324
-1997,1325
-1982,1326
-1983,1327
-1975,1328
-1971,1329
-1977,1330
-1987,1331
-1969,1332
-1978,1333
-1979,1334
-1974,1335
-1961,1336
-1958,1337
-1957,1338
-1958,1339
-1967,1340
-1958,1341
-1947,1342
-1950,1343
-1952,1344
-1956,1345
-1958,1346
-1971,1347
-1985,1348
-1986,1349
-1992,1350
-1994,1351
-1999,1352
-2001,1353
-2008,1354
-2007,1355
-2002,1356
-1999,1357
-2005,1358
-2004,1359
-2008,1360
-2008,1361
-2013,1362
-2006,1363
-2003,1364
-2012,1365
-2004,1366
-2005,1367
-2007,1368
-2007,1369
-2003,1370
-1989,1371
-1985,1372
-1991,1373
-2002,1374
-1997,1375
-2015,1376
-2011,1377
-2027,1378
-2025,1379
-2021,1380
-2020,1381
-2040,1382
-2033,1383
-2038,1384
-2039,1385
-2044,1386
-2057,1387
-2056,1388
-2054,1389
-2044,1390
-2054,1391
-2077,1392
-2062,1393
-2053,1394
-2053,1395
-2053,1396
-2038,1397
-2030,1398
-2026,1399
-2020,1400
-2021,1401
-2003,1402
-1997,1403
-1983,1404
-1985,1405
-1997,1406
-2011,1407
-2001,1408
-2014,1409
-2021,1410
-2010,1411
-2000,1412
-2009,1413
-2023,1414
-2013,1415
-2043,1416
-2042,1417
-2030,1418
-2023,1419
-1991,1420
-1986,1421
-1949,1422
-1930,1423
-1929,1424
-1914,1425
-1917,1426
-1921,1427
-1895,1428
-1917,1429
-1904,1430
-1899,1431
-1902,1432
-1891,1433
-1883,1434
-1893,1435
-1893,1436
-1886,1437
-1880,1438
-1869,1439
-1878,1440
-1875,1441
-1868,1442
-1879,1443
-1897,1444
-1888,1445
-1826,1446
-1846,1447
-1860,1448
-1867,1449
-1866,1450
-1869,1451
-1875,1452
-1820,1453
-1858,1454
-1855,1455
-1822,1456
-1836,1457
-1839,1458
-1794,1459
-1813,1460
-1805,1461
-1806,1462
-1823,1463
-1777,1464
-1757,1465
-1754,1466
-1741,1467
-1756,1468
-1767,1469
-1792,1470
-1804,1471
-1833,1472
-1834,1473
-1843,1474
-1851,1475
-1854,1476
-1842,1477
-1858,1478
-1843,1479
-1857,1480
-1861,1481
-1857,1482
-1861,1483
-1865,1484
-1865,1485
-1879,1486
-1880,1487
-1881,1488
-1889,1489
-1876,1490
-1883,1491
-1882,1492
-1863,1493
-1857,1494
-1876,1495
-1928,1496
-1913,1497
-1879,1498
-1883,1499
-1894,1500
-1885,1501
-1909,1502
-1958,1503
-1943,1504
-1949,1505
-1985,1506
-1964,1507
-1958,1508
-1994,1509
-1971,1510
-1991,1511
-1998,1512
-1973,1513
-2016,1514
-2047,1515
-2012,1516
-2024,1517
-2030,1518
-2045,1519
-2054,1520
-2044,1521
-2071,1522
-2087,1523
-2082,1524
-2109,1525
-2113,1526
-2127,1527
-2130,1528
-2137,1529
-2133,1530
-2135,1531
-2131,1532
-2140,1533
-2145,1534
-2149,1535
-2140,1536
-2134,1537
-2142,1538
-2134,1539
-2140,1540
-2121,1541
-2110,1542
-2127,1543
-2119,1544
-2118,1545
-2125,1546
-2131,1547
-2154,1548
-2135,1549
-2133,1550
-2138,1551
-2138,1552
-2156,1553
-2165,1554
-2170,1555
-2155,1556
-2152,1557
-2156,1558
-2156,1559
-2163,1560
-2139,1561
-2131,1562
-2146,1563
-2134,1564
-2117,1565
-2152,1566
-2157,1567
-2156,1568
-2125,1569
-2119,1570
-2125,1571
-2094,1572
-2103,1573
-2101,1574
-2073,1575
-2052,1576
-2037,1577
-2041,1578
-2028,1579
-2036,1580
-2021,1581
-2028,1582
-2024,1583
-2015,1584
-1996,1585
-1988,1586
-1989,1587
-1990,1588
-1999,1589
-1988,1590
-2005,1591
-2018,1592
-2014,1593
-2022,1594
-2004,1595
-2018,1596
-2003,1597
-1983,1598
-1969,1599
-1965,1600
-1966,1601
-1961,1602
-1958,1603
-1930,1604
-1919,1605
-1911,1606
-1899,1607
-1898,1608
-1890,1609
-1869,1610
-1895,1611
-1893,1612
-1864,1613
-1897,1614
-1910,1615
-1879,1616
-1879,1617
-1883,1618
-1895,1619
-1888,1620
-1889,1621
-1890,1622
-1872,1623
-1855,1624
-1861,1625
-1877,1626
-1880,1627
-1889,1628
-1919,1629
-1913,1630
-1921,1631
-1910,1632
-1901,1633
-1916,1634
-1939,1635
-1962,1636
-1967,1637
-1966,1638
-1987,1639
-1986,1640
-1974,1641
-1970,1642
-1969,1643
-1977,1644
-1980,1645
-1967,1646
-1975,1647
-1978,1648
-2030,1649
-2043,1650
-2032,1651
-2027,1652
-2015,1653
-2018,1654
-2035,1655
-2063,1656
-2070,1657
-2077,1658
-2082,1659
-2109,1660
-2126,1661
-2114,1662
-2132,1663
-2091,1664
-2097,1665
-2101,1666
-2108,1667
-2106,1668
-2103,1669
-2114,1670
-2117,1671
-2118,1672
-2123,1673
-2145,1674
-2131,1675
-2115,1676
-2140,1677
-2119,1678
-2108,1679
-2102,1680
-2105,1681
-2127,1682
-2122,1683
-2115,1684
-2104,1685
-2076,1686
-2084,1687
-2088,1688
-2062,1689
-2076,1690
-2075,1691
-2070,1692
-2092,1693
-2076,1694
-2077,1695
-2079,1696
-2087,1697
-2090,1698
-2059,1699
-2066,1700
-2073,1701
-2071,1702
-2077,1703
-2070,1704
-2054,1705
-2046,1706
-2054,1707
-2071,1708
-2080,1709
-2069,1710
-2054,1711
-2073,1712
-2068,1713
-2078,1714
-2084,1715
-2090,1716
-2074,1717
-2069,1718
-2066,1719
-2060,1720
-2065,1721
-2076,1722
-2069,1723
-2064,1724
-2062,1725
-2056,1726
-2049,1727
-2037,1728
-2030,1729
-2033,1730
-2020,1731
-2013,1732
-2017,1733
-2015,1734
-2021,1735
-2050,1736
-2059,1737
-2058,1738
-2064,1739
-2082,1740
-2103,1741
-2102,1742
-2108,1743
-2106,1744
-2104,1745
-2091,1746
-2078,1747
-2089,1748
-2087,1749
-2078,1750
-2096,1751
-2118,1752
-2102,1753
-2132,1754
-2161,1755
-2147,1756
-2142,1757
-2139,1758
-2135,1759
-2127,1760
-2129,1761
-2111,1762
-2118,1763
-2165,1764
-2126,1765
-2124,1766
-2154,1767
-2155,1768
-2151,1769
-2140,1770
-2144,1771
-2149,1772
-2144,1773
-2147,1774
-2176,1775
-2175,1776
-2224,1777
-2254,1778
-2235,1779
-2264,1780
-2279,1781
-2264,1782
-2288,1783
-2298,1784
-2266,1785
-2251,1786
-2229,1787
-2198,1788
-2217,1789
-2200,1790
-2177,1791
-2193,1792
-2170,1793
-2181,1794
-2170,1795
-2161,1796
-2248,1797
-2215,1798
-2225,1799
-2219,1800
-2216,1801
-2217,1802
-2222,1803
-2189,1804
-2181,1805
-2191,1806
-2176,1807
-2163,1808
-2151,1809
-2132,1810
-2125,1811
-2127,1812
-2125,1813
-2083,1814
-2116,1815
-2121,1816
-2105,1817
-2094,1818
-2108,1819
-2122,1820
-2115,1821
-2107,1822
-2116,1823
-2120,1824
-2111,1825
-2126,1826
-2058,1827
-2041,1828
-2052,1829
-2021,1830
-2012,1831
-2024,1832
-2012,1833
-1988,1834
-2014,1835
-2002,1836
-2004,1837
-2025,1838
-2003,1839
-2010,1840
-2008,1841
-1976,1842
-1985,1843
-1978,1844
-2004,1845
-2017,1846
-1942,1847
-1973,1848
-1972,1849
-1973,1850
-1967,1851
-1949,1852
-1957,1853
-1967,1854
-1939,1855
-1937,1856
-1950,1857
-1947,1858
-1959,1859
-1979,1860
-1964,1861
-1983,1862
-1993,1863
-1983,1864
-1980,1865
-1982,1866
-1967,1867
-1977,1868
-1973,1869
-1985,1870
-1975,1871
-1973,1872
-1982,1873
-1962,1874
-1975,1875
-1967,1876
-1976,1877
-1980,1878
-1977,1879
-1980,1880
-1992,1881
-1988,1882
-1988,1883
-2003,1884
-2006,1885
-2017,1886
-2014,1887
-2022,1888
-2028,1889
-2018,1890
-2023,1891
-2035,1892
-2035,1893
-2034,1894
-2013,1895
-2015,1896
-2011,1897
-2001,1898
-2007,1899
-2005,1900
-2008,1901
-2004,1902
-2004,1903
-2019,1904
-2019,1905
-2009,1906
-2023,1907
-2006,1908
-2017,1909
-2022,1910
-2026,1911
-2029,1912
-2014,1913
-2019,1914
-2026,1915
-2032,1916
-2034,1917
-2023,1918
-2019,1919
-2010,1920
-2008,1921
-2019,1922
-1998,1923
-2001,1924
-1994,1925
-1989,1926
-1973,1927
-1962,1928
-1981,1929
-1982,1930
-1984,1931
-1970,1932
-1965,1933
-1931,1934
-1915,1935
-1916,1936
-1921,1937
-1919,1938
-1931,1939
-1931,1940
-1934,1941
-1939,1942
-1943,1943
-1946,1944
-1948,1945
-1959,1946
-1965,1947
-1965,1948
-1961,1949
-1965,1950
-1954,1951
-1965,1952
-1955,1953
-1942,1954
-1967,1955
-1974,1956
-1969,1957
-1991,1958
-1979,1959
-1971,1960
-1967,1961
-1964,1962
-1967,1963
-1965,1964
-1952,1965
-1941,1966
-1939,1967
-1955,1968
-1964,1969
-1974,1970
-1983,1971
-1973,1972
-1997,1973
-1991,1974
-1982,1975
-1991,1976
-2012,1977
-2024,1978
-2014,1979
-2015,1980
-2012,1981
-2020,1982
-2021,1983
-2052,1984
-2072,1985
-2073,1986
-2069,1987
-2066,1988
-2064,1989
-2073,1990
-2081,1991
-2080,1992
-2065,1993
-2064,1994
-2079,1995
-2061,1996
-2060,1997
-2066,1998
-2060,1999
-2053,2000
-2045,2001
-2030,2002
-2037,2003
-2035,2004
-2019,2005
-2012,2006
-2004,2007
-1995,2008
-1999,2009
-2013,2010
-2027,2011
-2027,2012
-2023,2013
-2033,2014
-2038,2015
-2044,2016
-2050,2017
-2035,2018
-2025,2019
-2007,2020
-2009,2021
-2004,2022
-1989,2023
-2002,2024
-2007,2025
-2001,2026
-1993,2027
-1981,2028
-1979,2029
-1969,2030
-1956,2031
-1940,2032
-1945,2033
-1938,2034
-1928,2035
-1920,2036
-1921,2037
-1918,2038
-1907,2039
-1901,2040
-1877,2041
-1862,2042
-1864,2043
-1866,2044
-1865,2045
-1867,2046
-1859,2047
-1858,2048
-1859,2049
-1859,2050
-1866,2051
-1875,2052
-1888,2053
-1902,2054
-1899,2055
-1909,2056
-1904,2057
-1899,2058
-1902,2059
-1889,2060
-1891,2061
-1889,2062
-1890,2063
-1885,2064
-1879,2065
-1877,2066
-1871,2067
-1877,2068
-1887,2069
-1886,2070
-1887,2071
-1890,2072
-1903,2073
-1902,2074
-1904,2075
-1907,2076
-1904,2077
-1917,2078
-1925,2079
-1921,2080
-1927,2081
-1945,2082
-1951,2083
-1954,2084
-1956,2085
-1961,2086
-1965,2087
-1973,2088
-1977,2089
-1976,2090
-2002,2091
-2010,2092
-2015,2093
-2015,2094
-2006,2095
-2010,2096
-2015,2097
-2021,2098
-2035,2099
-2031,2100
-2036,2101
-2030,2102
-2021,2103
-2017,2104
-2024,2105
-2024,2106
-2030,2107
-2031,2108
-2021,2109
-2013,2110
-2015,2111
-2010,2112
-2021,2113
-2013,2114
-2018,2115
-2019,2116
-2018,2117
-2021,2118
-2017,2119
-2019,2120
-2027,2121
-2027,2122
-2013,2123
-2016,2124
-2005,2125
-2013,2126
-2016,2127
-2014,2128
-2013,2129
-2031,2130
-2033,2131
-2041,2132
-2023,2133
-2032,2134
-1998,2135
-1984,2136
-1988,2137
-1991,2138
-1976,2139
-1974,2140
-1961,2141
-1972,2142
-1983,2143
-2002,2144
-2019,2145
-2022,2146
-1998,2147
-1991,2148
-1990,2149
-2000,2150
-2013,2151
-2011,2152
-1986,2153
-1999,2154
-1998,2155
-1994,2156
-1987,2157
-1987,2158
-1977,2159
-2028,2160
-2044,2161
-2061,2162
-2073,2163
-2046,2164
-2042,2165
-2054,2166
-2047,2167
-2058,2168
-2063,2169
-2094,2170
-2071,2171
-2058,2172
-2061,2173
-2070,2174
-2062,2175
-2036,2176
-2047,2177
-2039,2178
-2047,2179
-2063,2180
-2076,2181
-2092,2182
-2098,2183
-2112,2184
-2136,2185
-2136,2186
-2110,2187
-2097,2188
-2115,2189
-2141,2190
-2178,2191
-2180,2192
-2189,2193
-2177,2194
-2209,2195
-2226,2196
-2313,2197
-2304,2198
-2314,2199
-2303,2200
-2278,2201
-2282,2202
-2279,2203
-2250,2204
-2233,2205
-2264,2206
-2283,2207
-2278,2208
-2326,2209
-2280,2210
-2260,2211
-2245,2212
-2233,2213
-2227,2214
-2229,2215
-2189,2216
-2196,2217
-2181,2218
-2167,2219
-2140,2220
-2163,2221
-2178,2222
-2175,2223
-2170,2224
-2164,2225
-2169,2226
-2168,2227
-2174,2228
-2171,2229
-2157,2230
-2126,2231
-2104,2232
-2102,2233
-2104,2234
-2121,2235
-2126,2236
-2155,2237
-2155,2238
-2157,2239
-2152,2240
-2114,2241
-2131,2242
-2095,2243
-2119,2244
-2059,2245
-2014,2246
-1942,2247
-1960,2248
-1949,2249
-1970,2250
-1986,2251
-1971,2252
-2002,2253
-2011,2254
-2042,2255
-2028,2256
-2024,2257
-2065,2258
-2007,2259
-2016,2260
-2040,2261
-2067,2262
-2074,2263
-2134,2264
-2150,2265
-2154,2266
-2135,2267
-2101,2268
-2117,2269
-2122,2270
-2097,2271
-2125,2272
-2151,2273
-2150,2274
-2194,2275
-2211,2276
-2207,2277
-2199,2278
-2188,2279
-2185,2280
-2206,2281
-2223,2282
-2221,2283
-2165,2284
-2147,2285
-2160,2286
-2198,2287
-2201,2288
-2211,2289
-2205,2290
-2211,2291
-2176,2292
-2196,2293
-2159,2294
-2181,2295
-2227,2296
-2231,2297
-2217,2298
-2205,2299
-2182,2300
-2164,2301
-2182,2302
-2169,2303
-2155,2304
-2160,2305
-2163,2306
-2162,2307
-2144,2308
-2163,2309
-2154,2310
-2159,2311
-2129,2312
-2100,2313
-2062,2314
-2076,2315
-2092,2316
-2105,2317
-2141,2318
-2136,2319
-2124,2320
-2154,2321
-2113,2322
-2094,2323
-2093,2324
-2078,2325
-2078,2326
-2099,2327
-2118,2328
-2141,2329
-2152,2330
-2138,2331
-2129,2332
-2143,2333
-2197,2334
-2203,2335
-2189,2336
-2132,2337
-2117,2338
-2094,2339
-2053,2340
-2093,2341
-2126,2342
-2114,2343
-2134,2344
-2121,2345
-2089,2346
-2108,2347
-2130,2348
-2149,2349
-2122,2350
-2164,2351
-2190,2352
-2186,2353
-2215,2354
-2174,2355
-2166,2356
-2139,2357
-2113,2358
-2129,2359
-2097,2360
-2047,2361
-2042,2362
-2058,2363
-2080,2364
-2065,2365
-2078,2366
-2119,2367
-2090,2368
-2092,2369
-2131,2370
-2116,2371
-2121,2372
-2107,2373
-2121,2374
-2112,2375
-2112,2376
-2085,2377
-2061,2378
-2084,2379
-2202,2380
-2179,2381
-2191,2382
-2168,2383
-2119,2384
-2145,2385
-2147,2386
-2124,2387
-2169,2388
-2184,2389
-2199,2390
-2175,2391
-2137,2392
-2147,2393
-2114,2394
-2129,2395
-2118,2396
-2112,2397
-2136,2398
-2133,2399
-2181,2400
-2150,2401
-2145,2402
-2144,2403
-2134,2404
-2161,2405
-2169,2406
-2168,2407
-2186,2408
-2169,2409
-2190,2410
-2227,2411
-2240,2412
-2236,2413
-2251,2414
-2225,2415
-2208,2416
-2184,2417
-2207,2418
-2197,2419
-2150,2420
-2161,2421
-2165,2422
-2184,2423
-2153,2424
-2143,2425
-2156,2426
-2149,2427
-2172,2428
-2125,2429
-1999,2430
-2048,2431
-2031,2432
-2049,2433
-2073,2434
-2035,2435
-2042,2436
-2083,2437
-2066,2438
-2043,2439
-2043,2440
-2021,2441
-2040,2442
-2021,2443
-2054,2444
-2068,2445
-2106,2446
-2092,2447
-2059,2448
-2061,2449
-2055,2450
-2051,2451
-2047,2452
-2069,2453
-2066,2454
-2055,2455
-2006,2456
-2015,2457
-2021,2458
-2021,2459
-2041,2460
-2011,2461
-2002,2462
-1997,2463
-1981,2464
-1987,2465
-2001,2466
-2021,2467
-2023,2468
-2025,2469
-2051,2470
-2026,2471
-2027,2472
-2035,2473
-2046,2474
-2064,2475
-2048,2476
-2038,2477
-2028,2478
-2019,2479
-1993,2480
-1983,2481
-1980,2482
-1966,2483
-1974,2484
-1977,2485
-1962,2486
-1962,2487
-1977,2488
-2003,2489
-2019,2490
-2019,2491
-2014,2492
-2024,2493
-2021,2494
-2007,2495
-1968,2496
-1973,2497
-1983,2498
-1979,2499
-1963,2500
-1974,2501
-1948,2502
-1914,2503
-1919,2504
-1946,2505
-1988,2506
-2007,2507
-1990,2508
-2006,2509
-2011,2510
-2055,2511
-2039,2512
-2028,2513
-2029,2514
-2025,2515
-2060,2516
-2013,2517
-2005,2518
-2000,2519
-1986,2520
-2006,2521
-1989,2522
-1988,2523
-2003,2524
-1988,2525
-1998,2526
-2005,2527
-2024,2528
-2036,2529
-2044,2530
-2044,2531
-2057,2532
-2050,2533
-2060,2534
-2072,2535
-2084,2536
-2100,2537
-2074,2538
-2048,2539
-2058,2540
-2051,2541
-2074,2542
-2078,2543
-2067,2544
-2077,2545
-2077,2546
-2066,2547
-2044,2548
-2039,2549
-2035,2550
-2019,2551
-2012,2552
-2009,2553
-2031,2554
-2010,2555
-1995,2556
-1971,2557
-2024,2558
-1980,2559
-1963,2560
-1961,2561
-2000,2562
-1997,2563
-1980,2564
-2007,2565
-2001,2566
-1963,2567
-1981,2568
-1987,2569
-2007,2570
-2029,2571
-2060,2572
-2025,2573
-2012,2574
-1994,2575
-1953,2576
-1973,2577
-1949,2578
-1933,2579
-1945,2580
-1929,2581
-1918,2582
-1952,2583
-1928,2584
-1933,2585
-1934,2586
-1919,2587
-1907,2588
-1902,2589
-1894,2590
-1898,2591
-1869,2592
-1878,2593
-1865,2594
-1850,2595
-1887,2596
-1883,2597
-1896,2598
-1892,2599
-1874,2600
-1886,2601
-1884,2602
-1900,2603
-1878,2604
-1858,2605
-1857,2606
-1876,2607
-1825,2608
-1855,2609
-1849,2610
-1819,2611
-1783,2612
-1790,2613
-1804,2614
-1794,2615
-1751,2616
-1825,2617
-1811,2618
-1792,2619
-1789,2620
-1761,2621
-1739,2622
-1789,2623
-1776,2624
-1803,2625
-1838,2626
-1812,2627
-1819,2628
-1827,2629
-1820,2630
-1831,2631
-1827,2632
-1796,2633
-1783,2634
-1788,2635
-1782,2636
-1743,2637
-1767,2638
-1770,2639
-1758,2640
-1783,2641
-1781,2642
-1769,2643
-1784,2644
-1772,2645
-1773,2646
-1789,2647
-1779,2648
-1791,2649
-1806,2650
-1802,2651
-1812,2652
-1817,2653
-1830,2654
-1846,2655
-1837,2656
-1837,2657
-1832,2658
-1838,2659
-1867,2660
-1871,2661
-1867,2662
-1875,2663
-1865,2664
-1866,2665
-1877,2666
-1873,2667
-1859,2668
-1885,2669
-1887,2670
-1883,2671
-1874,2672
-1841,2673
-1869,2674
-1916,2675
-1916,2676
-1899,2677
-1927,2678
-1964,2679
-1929,2680
-1953,2681
-1978,2682
-1993,2683
-2006,2684
-2013,2685
-2050,2686
-2071,2687
-2058,2688
-2074,2689
-2114,2690
-2059,2691
-2067,2692
-2070,2693
-2090,2694
-2103,2695
-2086,2696
-2105,2697
-2089,2698
-2073,2699
-2091,2700
-2090,2701
-2094,2702
-2099,2703
-2099,2704
-2106,2705
-2123,2706
-2117,2707
-2072,2708
-2065,2709
-2045,2710
-2050,2711
-2075,2712
-2095,2713
-2089,2714
-2097,2715
-2088,2716
-2082,2717
-2094,2718
-2077,2719
-2059,2720
-2067,2721
-2097,2722
-2096,2723
-2090,2724
-2021,2725
-2034,2726
-2060,2727
-2038,2728
-1997,2729
-2044,2730
-2027,2731
-2001,2732
-2007,2733
-2016,2734
-2003,2735
-1974,2736
-1973,2737
-1995,2738
-2002,2739
-1965,2740
-1997,2741
-1997,2742
-2006,2743
-1984,2744
-1979,2745
-1995,2746
-1986,2747
-2012,2748
-2010,2749
-2015,2750
-2021,2751
-2031,2752
-2032,2753
-2014,2754
-2014,2755
-2005,2756
-2014,2757
-2065,2758
-2066,2759
-2074,2760
-2061,2761
-2055,2762
-2041,2763
-2056,2764
-2048,2765
-2047,2766
-2042,2767
-2046,2768
-2049,2769
-2053,2770
-2048,2771
-2033,2772
-2033,2773
-2006,2774
-2013,2775
-2003,2776
-2003,2777
-1990,2778
-1998,2779
-1988,2780
-1986,2781
-1988,2782
-1971,2783
-1963,2784
-1968,2785
-1963,2786
-1971,2787
-1955,2788
-1953,2789
-1952,2790
-1966,2791
-1971,2792
-1973,2793
-1971,2794
-1969,2795
-1948,2796
-1950,2797
-1938,2798
-1943,2799
-1937,2800
-1936,2801
-1917,2802
-1922,2803
-1935,2804
-1928,2805
-1936,2806
-1927,2807
-1934,2808
-1936,2809
-1945,2810
-1942,2811
-1943,2812
-1945,2813
-1938,2814
-1935,2815
-1937,2816
-1938,2817
-1945,2818
-1947,2819
-1945,2820
-1946,2821
-1947,2822
-1962,2823
-1972,2824
-1981,2825
-1971,2826
-1981,2827
-1979,2828
-1980,2829
-1986,2830
-1980,2831
-1991,2832
-2004,2833
-2004,2834
-2007,2835
-2021,2836
-2024,2837
-2021,2838
-2022,2839
-2035,2840
-2032,2841
-2037,2842
-2031,2843
-2039,2844
-2032,2845
-2030,2846
-2021,2847
-2023,2848
-2022,2849
-2016,2850
-2009,2851
-2014,2852
-2012,2853
-2006,2854
-2002,2855
-1990,2856
-1996,2857
-1996,2858
-1981,2859
-1995,2860
-1995,2861
-1991,2862
-1979,2863
-1997,2864
-2008,2865
-1993,2866
-1982,2867
-1976,2868
-1985,2869
-1967,2870
-1962,2871
-1963,2872
-1941,2873
-1957,2874
-1945,2875
-1937,2876
-1920,2877
-1922,2878
-1942,2879
-1958,2880
-1953,2881
-1971,2882
-2109,2883
-2096,2884
-2089,2885
-2096,2886
-1897,2887
-1677,2888
-1618,2889
-1603,2890
-1741,2891
-1657,2892
-1652,2893
-1838,2894
-1681,2895
-1902,2896
-1861,2897
-1910,2898
-1931,2899
-1848,2900
-1837,2901
-1731,2902
-1669,2903
-1670,2904
-1653,2905
-1651,2906
-1748,2907
-1725,2908
-1733,2909
-1740,2910
-1671,2911
-1659,2912
-1670,2913
-1642,2914
-1637,2915
-1682,2916
-1692,2917
-1678,2918
-1690,2919
-1692,2920
-1692,2921
-1691,2922
-1686,2923
-1713,2924
-1684,2925
-1697,2926
-1714,2927
-1703,2928
-1678,2929
-1653,2930
-1655,2931
-1627,2932
-1484,2933
-1503,2934
-1506,2935
-1493,2936
-1682,2937
-1897,2938
-1944,2939
-1953,2940
-1800,2941
-1882,2942
-1887,2943
-1677,2944
-1843,2945
-1625,2946
-1664,2947
-1616,2948
-1613,2949
-1704,2950
-1727,2951
-1843,2952
-1912,2953
-1909,2954
-1937,2955
-1946,2956
-1841,2957
-1861,2958
-1864,2959
-1827,2960
-1905,2961
-1916,2962
-1922,2963
-1952,2964
-1937,2965
-1905,2966
-1907,2967
-1919,2968
-1904,2969
-1936,2970
-1943,2971
-1950,2972
-1975,2973
-1933,2974
-1969,2975
-1967,2976
-1963,2977
-1992,2978
-1997,2979
-2003,2980
-2012,2981
-2005,2982
-2002,2983
-2013,2984
-2010,2985
-2024,2986
-2031,2987
-2045,2988
-2051,2989
-2050,2990
-2068,2991
-2068,2992
-2061,2993
-2091,2994
-2093,2995
-2104,2996
-2109,2997
-2109,2998
-2086,2999
-2074,3000
-2075,3001
-2068,3002
-2048,3003
-2038,3004
-2034,3005
-2031,3006
-2032,3007
-2030,3008
-2039,3009
-2046,3010
-2036,3011
-2039,3012
-2027,3013
-2013,3014
-2022,3015
-2032,3016
-2040,3017
-2045,3018
-2049,3019
-2045,3020
-2039,3021
-2037,3022
-2030,3023
-2043,3024
-2051,3025
-2060,3026
-2067,3027
-2050,3028
-2043,3029
-2032,3030
-2026,3031
-2037,3032
-2036,3033
-2027,3034
-2026,3035
-2016,3036
-2015,3037
-2000,3038
-2003,3039
-2002,3040
-2003,3041
-2004,3042
-2023,3043
-2022,3044
-2027,3045
-2021,3046
-2017,3047
-2025,3048
-2027,3049
-2046,3050
-2031,3051
-2020,3052
-2025,3053
-2032,3054
-2024,3055
-2014,3056
-2027,3057
-2041,3058
-2044,3059
-2043,3060
-2050,3061
-2048,3062
-2058,3063
-2055,3064
-2053,3065
-2044,3066
-2039,3067
-2042,3068
-2032,3069
-2023,3070
-2022,3071
-2008,3072
-2002,3073
-1982,3074
-2017,3075
-2021,3076
-2025,3077
-2054,3078
-2065,3079
-2064,3080
-2089,3081
-2075,3082
-2080,3083
-2071,3084
-2074,3085
-2067,3086
-2069,3087
-2085,3088
-2074,3089
-2072,3090
-2071,3091
-2069,3092
-2051,3093
-2041,3094
-2032,3095
-2036,3096
-2032,3097
-2017,3098
-2016,3099
-1974,3100
-1949,3101
-1972,3102
-1963,3103
-1973,3104
-2005,3105
-2097,3106
-2064,3107
-2057,3108
-2045,3109
-2028,3110
-1997,3111
-2005,3112
-2016,3113
-2017,3114
-2015,3115
-1980,3116
-1984,3117
-1983,3118
-2005,3119
-1979,3120
-1968,3121
-1976,3122
-1964,3123
-1965,3124
-1957,3125
-1944,3126
-1918,3127
-1899,3128
-1866,3129
-1816,3130
-1736,3131
-1760,3132
-1744,3133
-1754,3134
-1762,3135
-1766,3136
-1768,3137
-1771,3138
-1774,3139
-1779,3140
-1780,3141
-1772,3142
-1766,3143
-1767,3144
-1776,3145
-1767,3146
-1767,3147
-1784,3148
-1799,3149
-1821,3150
-1855,3151
-1843,3152
-1863,3153
-1869,3154
-1851,3155
-1782,3156
-1811,3157
-1811,3158
-1808,3159
-1830,3160
-1858,3161
-1863,3162
-1857,3163
-1854,3164
-1861,3165
-1912,3166
-1913,3167
-1913,3168
-1901,3169
-1922,3170
-1935,3171
-1945,3172
-1958,3173
-1976,3174
-1944,3175
-1953,3176
-1989,3177
-1973,3178
-2008,3179
-2052,3180
-2114,3181
-2070,3182
-2087,3183
-2111,3184
-2106,3185
-2103,3186
-2109,3187
-2119,3188
-2130,3189
-2118,3190
-2099,3191
-2105,3192
-2115,3193
-2101,3194
-2090,3195
-2115,3196
-2110,3197
-2103,3198
-2114,3199
-2107,3200
-2077,3201
-2093,3202
-2078,3203
-2076,3204
-2076,3205
-2051,3206
-2046,3207
-2025,3208
-2037,3209
-2044,3210
-2045,3211
-2034,3212
-2041,3213
-2020,3214
-2013,3215
-1999,3216
-1966,3217
-1973,3218
-1985,3219
-2006,3220
-1999,3221
-1996,3222
-2012,3223
-2004,3224
-2007,3225
-2005,3226
-1978,3227
-1977,3228
-1970,3229
-1974,3230
-1990,3231
-2030,3232
-2016,3233
-1986,3234
-1973,3235
-1966,3236
-1946,3237
-1942,3238
-1923,3239
-1926,3240
-1911,3241
-1910,3242
-1920,3243
-1910,3244
-1925,3245
-1906,3246
-1894,3247
-1909,3248
-1905,3249
-1933,3250
-1977,3251
-1977,3252
-1966,3253
-1950,3254
-1976,3255
-1984,3256
-1942,3257
-1958,3258
-1995,3259
-1930,3260
-1904,3261
-1874,3262
-1807,3263
-1846,3264
-1900,3265
-2011,3266
-2087,3267
-2019,3268
-2079,3269
-1916,3270
-1865,3271
-1834,3272
-1861,3273
-1880,3274
-1818,3275
-1811,3276
-1796,3277
-1808,3278
-1848,3279
-1872,3280
-1855,3281
-1857,3282
-1888,3283
-1885,3284
-1870,3285
-1898,3286
-1869,3287
-1905,3288
-1912,3289
-1902,3290
-1935,3291
-1930,3292
-1909,3293
-1945,3294
-1914,3295
-1901,3296
-1920,3297
-1918,3298
-1913,3299
-1896,3300
-1883,3301
-1853,3302
-1869,3303
-1889,3304
-1858,3305
-1879,3306
-1926,3307
-1916,3308
-1879,3309
-1928,3310
-1966,3311
-2000,3312
-2050,3313
-2022,3314
-1961,3315
-1839,3316
-1785,3317
-1855,3318
-1780,3319
-1922,3320
-2006,3321
-2030,3322
-1994,3323
-1988,3324
-2045,3325
-2042,3326
-2056,3327
-2042,3328
-2003,3329
-1982,3330
-1975,3331
-1948,3332
-1916,3333
-1925,3334
-1933,3335
-1897,3336
-1932,3337
-1898,3338
-1880,3339
-1893,3340
-1891,3341
-1893,3342
-1891,3343
-1874,3344
-1883,3345
-1899,3346
-1900,3347
-1888,3348
-1879,3349
-1886,3350
-1871,3351
-1875,3352
-1867,3353
-1863,3354
-1858,3355
-1850,3356
-1843,3357
-1854,3358
-1851,3359
-1854,3360
-1845,3361
-1833,3362
-1830,3363
-1863,3364
-1880,3365
-1905,3366
-1906,3367
-1902,3368
-1878,3369
-1878,3370
-1849,3371
-1848,3372
-1835,3373
-1828,3374
-1826,3375
-1847,3376
-1855,3377
-1878,3378
-1879,3379
-1890,3380
-1892,3381
-1896,3382
-1904,3383
-1900,3384
-1909,3385
-1952,3386
-1957,3387
-1959,3388
-1990,3389
-1988,3390
-1958,3391
-1977,3392
-1971,3393
-2010,3394
-2036,3395
-2016,3396
-2029,3397
-2006,3398
-2059,3399
-2042,3400
-2063,3401
-2080,3402
-2082,3403
-2050,3404
-1966,3405
-1912,3406
-1833,3407
-1904,3408
-1900,3409
-1894,3410
-1888,3411
-1862,3412
-1854,3413
-1897,3414
-1870,3415
-1874,3416
-1869,3417
-1860,3418
-1869,3419
-1870,3420
-1894,3421
-1905,3422
-1951,3423
-1967,3424
-1952,3425
-1971,3426
-1970,3427
-1941,3428
-1951,3429
-1963,3430
-1967,3431
-1983,3432
-1964,3433
-1983,3434
-1980,3435
-1947,3436
-1955,3437
-1932,3438
-1923,3439
-1922,3440
-1938,3441
-1909,3442
-1928,3443
-1895,3444
-1874,3445
-1882,3446
-1881,3447
-1920,3448
-1865,3449
-1886,3450
-1887,3451
-1861,3452
-1882,3453
-1901,3454
-1984,3455
-2042,3456
-2114,3457
-2033,3458
-2039,3459
-2047,3460
-2051,3461
-2089,3462
-2091,3463
-2032,3464
-2059,3465
-2033,3466
-2045,3467
-2038,3468
-2054,3469
-2047,3470
-2029,3471
-2026,3472
-1998,3473
-1971,3474
-1985,3475
-1963,3476
-1963,3477
-1974,3478
-1962,3479
-1942,3480
-1959,3481
-1956,3482
-1968,3483
-1952,3484
-1949,3485
-1960,3486
-1934,3487
-1943,3488
-1942,3489
-1949,3490
-1954,3491
-1964,3492
-1948,3493
-1947,3494
-1962,3495
-1968,3496
-1963,3497
-1950,3498
-1963,3499
-1949,3500
-1955,3501
-1982,3502
-1972,3503
-1970,3504
-1973,3505
-1966,3506
-1985,3507
-1992,3508
-1982,3509
-1991,3510
-1986,3511
-1990,3512
-2002,3513
-2005,3514
-2007,3515
-2026,3516
-2009,3517
-2024,3518
-2027,3519
-2032,3520
-2018,3521
-2009,3522
-2006,3523
-2026,3524
-2028,3525
-2021,3526
-2004,3527
-2006,3528
-2017,3529
-2008,3530
-1984,3531
-1962,3532
-1977,3533
-1968,3534
-1972,3535
-1956,3536
-1991,3537
-1970,3538
-1994,3539
-1995,3540
-2012,3541
-1912,3542
-1926,3543
-1907,3544
-1839,3545
-1747,3546
-1725,3547
-1716,3548
-1734,3549
-1772,3550
-1714,3551
-1683,3552
-1655,3553
-1622,3554
-1616,3555
-1645,3556
-1666,3557
-1679,3558
-1646,3559
-1648,3560
-1623,3561
-1625,3562
-1613,3563
-1600,3564
-1610,3565
-1609,3566
-1587,3567
-1591,3568
-1573,3569
-1573,3570
-1590,3571
-1593,3572
-1607,3573
-1596,3574
-1593,3575
-1589,3576
-1591,3577
-1592,3578
-1577,3579
-1601,3580
-1594,3581
-1606,3582
-1613,3583
-1635,3584
-1639,3585
-1655,3586
-1644,3587
-1651,3588
-1623,3589
-1625,3590
-1607,3591
-1713,3592
-1711,3593
-1740,3594
-1804,3595
-1887,3596
-1912,3597
-1921,3598
-1895,3599
-1877,3600
-1924,3601
-1958,3602
-1994,3603
-2030,3604
-2031,3605
-2004,3606
-1973,3607
-1955,3608
-1999,3609
-1986,3610
-2021,3611
-2020,3612
-2031,3613
-2043,3614
-2024,3615
-2024,3616
-2059,3617
-2043,3618
-2063,3619
-2082,3620
-2084,3621
-2054,3622
-2042,3623
-2038,3624
-2040,3625
-2034,3626
-2053,3627
-2039,3628
-2055,3629
-2031,3630
-2032,3631
-2074,3632
-2062,3633
-2050,3634
-2046,3635
-2029,3636
-2001,3637
-2014,3638
-2019,3639
-2009,3640
-2017,3641
-2001,3642
-2003,3643
-1999,3644
-1986,3645
-2009,3646
-2006,3647
-1992,3648
-2006,3649
-2002,3650
-1989,3651
-1975,3652
-1971,3653
-1978,3654
-1979,3655
-1988,3656
-2004,3657
-2016,3658
-2025,3659
-2017,3660
-2015,3661
-2010,3662
-1987,3663
-1975,3664
-2010,3665
-1996,3666
-2004,3667
-1960,3668
-1956,3669
-1936,3670
-1954,3671
-2018,3672
-2023,3673
-2077,3674
-2057,3675
-2057,3676
-2042,3677
-1970,3678
-1992,3679
-1916,3680
-1959,3681
-1928,3682
-1967,3683
-1979,3684
-1983,3685
-2030,3686
-2069,3687
-2112,3688
-2108,3689
-2086,3690
-2106,3691
-2093,3692
-2039,3693
-2055,3694
-2038,3695
-2069,3696
-2060,3697
-2055,3698
-2024,3699
-1988,3700
-2089,3701
-2071,3702
-2101,3703
-2080,3704
-2113,3705
-2095,3706
-2068,3707
-2037,3708
-2025,3709
-2028,3710
-2034,3711
-2027,3712
-2034,3713
-2029,3714
-2007,3715
-2030,3716
-2021,3717
-2069,3718
-2057,3719
-2073,3720
-2066,3721
-2040,3722
-2033,3723
-1977,3724
-2012,3725
-1984,3726
-2008,3727
-2096,3728
-2066,3729
-2167,3730
-2148,3731
-2157,3732
-2121,3733
-2111,3734
-2106,3735
-2075,3736
-2044,3737
-2005,3738
-2026,3739
-2046,3740
-2036,3741
-2057,3742
-2117,3743
-2095,3744
-2122,3745
-2083,3746
-2072,3747
-2098,3748
-2116,3749
-2121,3750
-2024,3751
-2037,3752
-1982,3753
-2000,3754
-1957,3755
-1966,3756
-1996,3757
-2048,3758
-2035,3759
-2042,3760
-2044,3761
-2015,3762
-2041,3763
-2055,3764
-2017,3765
-1999,3766
-2019,3767
-2012,3768
-2041,3769
-2031,3770
-2002,3771
-2007,3772
-1989,3773
-2002,3774
-1981,3775
-2011,3776
-1975,3777
-1963,3778
-1965,3779
-1969,3780
-1950,3781
-1967,3782
-1957,3783
-1947,3784
-1956,3785
-1953,3786
-1962,3787
-1976,3788
-1978,3789
-1967,3790
-1949,3791
-1944,3792
-1938,3793
-1943,3794
-1925,3795
-1910,3796
-1911,3797
-1905,3798
-1885,3799
-1905,3800
-1912,3801
-1917,3802
-1927,3803
-1939,3804
-1947,3805
-1939,3806
-1924,3807
-1885,3808
-1873,3809
-1871,3810
-1865,3811
-1920,3812
-1901,3813
-1899,3814
-1912,3815
-1916,3816
-1899,3817
-1908,3818
-1900,3819
-1899,3820
-1906,3821
-1892,3822
-1906,3823
-1913,3824
-1910,3825
-1898,3826
-1906,3827
-1924,3828
-1919,3829
-1896,3830
-1922,3831
-1881,3832
-1908,3833
-1908,3834
-1895,3835
-1913,3836
-1925,3837
-1913,3838
-1899,3839
-1910,3840
-1905,3841
-1939,3842
-1932,3843
-1925,3844
-1939,3845
-1951,3846
-1950,3847
-1926,3848
-1937,3849
-1942,3850
-1937,3851
-1924,3852
-1934,3853
-1928,3854
-1934,3855
-1933,3856
-1959,3857
-1975,3858
-2003,3859
-1984,3860
-1963,3861
-1954,3862
-1959,3863
-1974,3864
-2011,3865
-2010,3866
-1962,3867
-1994,3868
-1999,3869
-2048,3870
-2070,3871
-2089,3872
-2081,3873
-2085,3874
-2082,3875
-2084,3876
-2102,3877
-2137,3878
-2128,3879
-2105,3880
-2087,3881
-2103,3882
-2152,3883
-2196,3884
-2331,3885
-2326,3886
-2141,3887
-2150,3888
-2152,3889
-2178,3890
-2203,3891
-2184,3892
-2162,3893
-2229,3894
-2246,3895
-2237,3896
-2267,3897
-2258,3898
-2293,3899
-2254,3900
-2306,3901
-2341,3902
-2340,3903
-2339,3904
-2386,3905
-2372,3906
-2355,3907
-2346,3908
-2343,3909
-2377,3910
-2405,3911
-2377,3912
-2350,3913
-2317,3914
-2271,3915
-2286,3916
-2308,3917
-2275,3918
-2280,3919
-2209,3920
-2166,3921
-2133,3922
-2124,3923
-2106,3924
-2097,3925
-2115,3926
-2102,3927
-2075,3928
-2091,3929
-2116,3930
-2123,3931
-2125,3932
-2060,3933
-2008,3934
-1892,3935
-1901,3936
-2074,3937
-2042,3938
-2030,3939
-1986,3940
-1968,3941
-1954,3942
-1973,3943
-1912,3944
-1902,3945
-1899,3946
-1892,3947
-1916,3948
-1897,3949
-1893,3950
-1847,3951
-1822,3952
-1822,3953
-1813,3954
-1748,3955
-1774,3956
-1751,3957
-1755,3958
-1756,3959
-1752,3960
-1738,3961
-1738,3962
-1768,3963
-1789,3964
-1803,3965
-1791,3966
-1822,3967
-1814,3968
-1799,3969
-1831,3970
-1867,3971
-1882,3972
-1914,3973
-1908,3974
-1917,3975
-1929,3976
-1957,3977
-1948,3978
-1931,3979
-1923,3980
-1912,3981
-1903,3982
-1926,3983
-1923,3984
-1908,3985
-1908,3986
-1926,3987
-1996,3988
-2003,3989
-2044,3990
-2099,3991
-2086,3992
-2114,3993
-2103,3994
-2133,3995
-2189,3996
-2196,3997
-2253,3998
-2223,3999
-2187,4000
-2158,4001
-2189,4002
-2204,4003
-2129,4004
-2251,4005
-2209,4006
-2252,4007
-2355,4008
-2387,4009
-2412,4010
-2479,4011
-2473,4012
-2502,4013
-2519,4014
-2530,4015
-2507,4016
-2503,4017
-2524,4018
-2483,4019
-2431,4020
-2426,4021
-2427,4022
-2411,4023
-2426,4024
-2412,4025
-2371,4026
-2350,4027
-2345,4028
-2350,4029
-2387,4030
-2388,4031
-2381,4032
-2368,4033
-2368,4034
-2369,4035
-2363,4036
-2342,4037
-2292,4038
-2294,4039
-2253,4040
-2196,4041
-2219,4042
-2211,4043
-2212,4044
-2174,4045
-2133,4046
-2122,4047
-2059,4048
-2066,4049
-2155,4050
-2180,4051
-2143,4052
-2120,4053
-2235,4054
-2129,4055
-2182,4056
-2135,4057
-2029,4058
-2000,4059
-1971,4060
-1912,4061
-1918,4062
-1901,4063
-1869,4064
-1853,4065
-1881,4066
-1865,4067
-1853,4068
-1899,4069
-1923,4070
-1915,4071
-1956,4072
-1953,4073
-1951,4074
-1969,4075
-1993,4076
-1995,4077
-2011,4078
-2044,4079
-2029,4080
-2030,4081
-2041,4082
-2016,4083
-2021,4084
-2029,4085
-2017,4086
-2018,4087
-2004,4088
-2009,4089
-2029,4090
-2031,4091
-2041,4092
-2050,4093
-2062,4094
-2083,4095
-2084,4096
-2061,4097
-2078,4098
-2090,4099
-2079,4100
-2093,4101
-2089,4102
-2106,4103
-2063,4104
-2065,4105
-2073,4106
-2088,4107
-2102,4108
-2103,4109
-2102,4110
-2103,4111
-2126,4112
-2098,4113
-2130,4114
-2173,4115
-2168,4116
-2132,4117
-2129,4118
-2074,4119
-2090,4120
-2093,4121
-2008,4122
-2054,4123
-2020,4124
-2105,4125
-2134,4126
-2207,4127
-2134,4128
-2113,4129
-2134,4130
-2206,4131
-2235,4132
-2225,4133
-2240,4134
-2220,4135
-2217,4136
-2102,4137
-2214,4138
-2211,4139
-2208,4140
-2249,4141
-2262,4142
-2237,4143
-2241,4144
-2217,4145
-2213,4146
-2246,4147
-2238,4148
-2242,4149
-2215,4150
-2201,4151
-2237,4152
-2215,4153
-2219,4154
-2218,4155
-2184,4156
-2183,4157
-2174,4158
-2191,4159
-2191,4160
-2194,4161
-2184,4162
-2226,4163
-2218,4164
-2204,4165
-2172,4166
-2224,4167
-2212,4168
-2255,4169
-2262,4170
-2261,4171
-2316,4172
-2266,4173
-2272,4174
-2202,4175
-2170,4176
-2078,4177
-2140,4178
-2090,4179
-2064,4180
-2026,4181
-2010,4182
-2001,4183
-2031,4184
-2094,4185
-2093,4186
-2212,4187
-2138,4188
-2155,4189
-2166,4190
-2123,4191
-2091,4192
-2089,4193
-2082,4194
-2102,4195
-2077,4196
-2047,4197
-2043,4198
-2026,4199
-2081,4200
-2087,4201
-2058,4202
-2074,4203
-2050,4204
-2067,4205
-2072,4206
-2075,4207
-2071,4208
-2055,4209
-2058,4210
-2049,4211
-2046,4212
-2048,4213
-2043,4214
-2041,4215
-2077,4216
-2063,4217
-2077,4218
-2079,4219
-2043,4220
-2046,4221
-2028,4222
-2008,4223
-2037,4224
-2021,4225
-2024,4226
-2056,4227
-2042,4228
-2092,4229
-2084,4230
-2044,4231
-2042,4232
-2048,4233
-2001,4234
-1954,4235
-1960,4236
-1939,4237
-1903,4238
-1884,4239
-1867,4240
-1870,4241
-1890,4242
-1877,4243
-1850,4244
-1870,4245
-1956,4246
-1991,4247
-2013,4248
-2001,4249
-1991,4250
-1999,4251
-2011,4252
-2029,4253
-2182,4254
-2180,4255
-2167,4256
-1919,4257
-1997,4258
-2092,4259
-2014,4260
-2093,4261
-2043,4262
-2045,4263
-1978,4264
-1890,4265
-1924,4266
-1973,4267
-2003,4268
-1998,4269
-2021,4270
-1990,4271
-2062,4272
-2086,4273
-2046,4274
-2050,4275
-2046,4276
-2038,4277
-2095,4278
-2043,4279
-2040,4280
-2063,4281
-2053,4282
-2084,4283
-2112,4284
-2096,4285
-2100,4286
-2120,4287
-2153,4288
-2154,4289
-2169,4290
-2169,4291
-2171,4292
-2202,4293
-2244,4294
-2244,4295
-2153,4296
-2125,4297
-2117,4298
-2121,4299
-2100,4300
-2099,4301
-2075,4302
-2004,4303
-1843,4304
-1858,4305
-1834,4306
-2070,4307
-2009,4308
-1879,4309
-1937,4310
-1859,4311
-1884,4312
-1808,4313
-1921,4314
-1986,4315
-1958,4316
-1939,4317
-1877,4318
-1877,4319
-1895,4320
-1921,4321
-1874,4322
-1876,4323
-1891,4324
-1907,4325
-1910,4326
-1894,4327
-1857,4328
-1919,4329
-1939,4330
-1927,4331
-1937,4332
-1942,4333
-1933,4334
-1953,4335
-1931,4336
-1951,4337
-1926,4338
-1918,4339
-1940,4340
-1943,4341
-1928,4342
-1916,4343
-1901,4344
-1866,4345
-1905,4346
-1889,4347
-1902,4348
-1906,4349
-1907,4350
-1905,4351
-1940,4352
-1969,4353
-2012,4354
-1987,4355
-2036,4356
-2041,4357
-2029,4358
-2059,4359
-2070,4360
-2059,4361
-2084,4362
-2136,4363
-2074,4364
-2078,4365
-2062,4366
-2033,4367
-2067,4368
-2083,4369
-2064,4370
-2062,4371
-2057,4372
-2059,4373
-2068,4374
-2062,4375
-2073,4376
-2074,4377
-2054,4378
-2031,4379
-2023,4380
-2032,4381
-2013,4382
-2002,4383
-1999,4384
-2004,4385
-2018,4386
-1999,4387
-1991,4388
-1999,4389
-1971,4390
-1995,4391
-1980,4392
-1998,4393
-1982,4394
-1986,4395
-1977,4396
-2015,4397
-1971,4398
-1989,4399
-1985,4400
-2067,4401
-2072,4402
-2106,4403
-2077,4404
-2067,4405
-2090,4406
-2096,4407
-2084,4408
-2083,4409
-2075,4410
-2088,4411
-2096,4412
-2083,4413
-2079,4414
-2100,4415
-2104,4416
-2116,4417
-2106,4418
-2077,4419
-2083,4420
-2100,4421
-2089,4422
-2089,4423
-2097,4424
-2084,4425
-2080,4426
-2092,4427
-2107,4428
-2114,4429
-2114,4430
-2098,4431
-2100,4432
-2118,4433
-2116,4434
-2099,4435
-2102,4436
-2099,4437
-2107,4438
-2098,4439
-2101,4440
-2086,4441
-2092,4442
-2073,4443
-2095,4444
-2095,4445
-2086,4446
-2077,4447
-2103,4448
-2107,4449
-2106,4450
-2013,4451
-1989,4452
-1980,4453
-1995,4454
-2003,4455
-1994,4456
-1980,4457
-1983,4458
-1998,4459
-2000,4460
-1984,4461
-1989,4462
-1996,4463
-1997,4464
-1981,4465
-1977,4466
-1965,4467
-1968,4468
-1986,4469
-2004,4470
-1989,4471
-1999,4472
-1989,4473
-1984,4474
-1993,4475
-1986,4476
-1977,4477
-1984,4478
-1993,4479
-2010,4480
-2019,4481
-2025,4482
-2008,4483
-1986,4484
-1994,4485
-1993,4486
-1983,4487
-1981,4488
-1985,4489
-1976,4490
-1957,4491
-1990,4492
-2004,4493
-1981,4494
-1979,4495
-1956,4496
-1950,4497
-1947,4498
-1948,4499
-1953,4500
-1954,4501
-1949,4502
-1949,4503
-1958,4504
-1976,4505
-1937,4506
-1937,4507
-1937,4508
-1914,4509
-1941,4510
-1955,4511
-1967,4512
-1952,4513
-1961,4514
-1981,4515
-1974,4516
-1990,4517
-1959,4518
-1957,4519
-1947,4520
-1935,4521
-1946,4522
-1944,4523
-1935,4524
-1942,4525
-1964,4526
-1977,4527
-1974,4528
-1948,4529
-1922,4530
-1899,4531
-1898,4532
-1879,4533
-1904,4534
-1919,4535
-1909,4536
-1932,4537
-1930,4538
-1936,4539
-1935,4540
-1935,4541
-1921,4542
-1906,4543
-1922,4544
-1928,4545
-1951,4546
-1958,4547
-1926,4548
-1903,4549
-1886,4550
-1878,4551
-1880,4552
-1865,4553
-1855,4554
-1840,4555
-1852,4556
-1878,4557
-1871,4558
-1881,4559
-1872,4560
-1877,4561
-1868,4562
-1870,4563
-1877,4564
-1865,4565
-1864,4566
-1874,4567
-1927,4568
-1918,4569
-1928,4570
-1959,4571
-1926,4572
-1945,4573
-1970,4574
-1947,4575
-1934,4576
-1931,4577
-1925,4578
-1922,4579
-1924,4580
-1951,4581
-1959,4582
-1980,4583
-1976,4584
-1957,4585
-1953,4586
-1964,4587
-1976,4588
-1975,4589
-1980,4590
-1971,4591
-1975,4592
-2026,4593
-2068,4594
-2076,4595
-2156,4596
-2145,4597
-2167,4598
-2224,4599
-2221,4600
-2233,4601
-2268,4602
-2265,4603
-2259,4604
-2255,4605
-2255,4606
-2241,4607
-2243,4608
-2239,4609
-2221,4610
-2202,4611
-2196,4612
-2208,4613
-2206,4614
-2205,4615
-2225,4616
-2211,4617
-2194,4618
-2212,4619
-2194,4620
-2180,4621
-2200,4622
-2193,4623
-2189,4624
-2206,4625
-2185,4626
-2184,4627
-2182,4628
-2193,4629
-2206,4630
-2192,4631
-2193,4632
-2190,4633
-2197,4634
-2214,4635
-2218,4636
-2189,4637
-2177,4638
-2166,4639
-2157,4640
-2176,4641
-2173,4642
-2140,4643
-2098,4644
-2096,4645
-2037,4646
-2034,4647
-2054,4648
-2044,4649
-2072,4650
-2058,4651
-2020,4652
-2039,4653
-2056,4654
-2041,4655
-2045,4656
-2024,4657
-2028,4658
-2032,4659
-2045,4660
-2053,4661
-2055,4662
-2055,4663
-2043,4664
-2039,4665
-2016,4666
-2006,4667
-1988,4668
-1984,4669
-1991,4670
-1978,4671
-1961,4672
-1938,4673
-1916,4674
-1908,4675
-1916,4676
-1908,4677
-1910,4678
-1935,4679
-1928,4680
-1935,4681
-1924,4682
-1938,4683
-1941,4684
-1954,4685
-1961,4686
-1962,4687
-1952,4688
-1959,4689
-1964,4690
-1932,4691
-1931,4692
-1877,4693
-1865,4694
-1848,4695
-1815,4696
-1823,4697
-1813,4698
-1778,4699
-1770,4700
-1775,4701
-1775,4702
-1776,4703
-1768,4704
-1780,4705
-1779,4706
-1793,4707
-1796,4708
-1773,4709
-1776,4710
-1770,4711
-1764,4712
-1770,4713
-1786,4714
-1803,4715
-1812,4716
-1816,4717
-1829,4718
-1822,4719
-1819,4720
-1840,4721
-1841,4722
-1879,4723
-1900,4724
-1900,4725
-1913,4726
-1899,4727
-1882,4728
-1847,4729
-1838,4730
-1831,4731
-1839,4732
-1812,4733
-1804,4734
-1786,4735
-1796,4736
-1764,4737
-1780,4738
-1797,4739
-1802,4740
-1832,4741
-1826,4742
-1864,4743
-1883,4744
-1891,4745
-1914,4746
-1923,4747
-1944,4748
-1965,4749
-1955,4750
-1966,4751
-1969,4752
-1936,4753
-1934,4754
-1900,4755
-1900,4756
-1930,4757
-1917,4758
-1927,4759
-1936,4760
-1926,4761
-1942,4762
-1939,4763
-1931,4764
-1883,4765
-1888,4766
-1885,4767
-1881,4768
-1883,4769
-1893,4770
-1875,4771
-1882,4772
-1863,4773
-1859,4774
-1874,4775
-1861,4776
-1874,4777
-1897,4778
-1893,4779
-1897,4780
-1897,4781
-1897,4782
-1906,4783
-1915,4784
-1916,4785
-1918,4786
-1953,4787
-1948,4788
-1939,4789
-1949,4790
-1956,4791
-1959,4792
-1953,4793
-1946,4794
-1958,4795
-1935,4796
-1921,4797
-1900,4798
-1894,4799
-1908,4800
-1905,4801
-1909,4802
-1938,4803
-1943,4804
-1986,4805
-1989,4806
-1972,4807
-1982,4808
-1997,4809
-1987,4810
-2005,4811
-2000,4812
-2002,4813
-1991,4814
-2025,4815
-2024,4816
-2028,4817
-2046,4818
-2048,4819
-2037,4820
-2056,4821
-2053,4822
-2056,4823
-2055,4824
-2042,4825
-2043,4826
-2048,4827
-2048,4828
-2071,4829
-2084,4830
-2093,4831
-2088,4832
-2080,4833
-2078,4834
-2081,4835
-2060,4836
-2068,4837
-2074,4838
-2068,4839
-2049,4840
-1991,4841
-2026,4842
-2028,4843
-2048,4844
-2044,4845
-2048,4846
-2052,4847
-2049,4848
-2056,4849
-2027,4850
-2027,4851
-2044,4852
-2033,4853
-2043,4854
-2031,4855
-2019,4856
-2024,4857
-2012,4858
-2034,4859
-2043,4860
-2005,4861
-2027,4862
-2031,4863
-2017,4864
-2024,4865
-2020,4866
-2027,4867
-2005,4868
-2014,4869
-2015,4870
-2011,4871
-2022,4872
-2044,4873
-2032,4874
-2033,4875
-2025,4876
-1989,4877
-1988,4878
-1977,4879
-1969,4880
-1989,4881
-1967,4882
-1985,4883
-1970,4884
-1964,4885
-1985,4886
-1959,4887
-1961,4888
-1970,4889
-1976,4890
-2038,4891
-2000,4892
-2016,4893
-2016,4894
-1998,4895
-2016,4896
-2017,4897
-2023,4898
-2006,4899
-2025,4900
-2027,4901
-2031,4902
-2034,4903
-2016,4904
-2029,4905
-2034,4906
-2024,4907
-2016,4908
-1994,4909
-1977,4910
-2020,4911
-1981,4912
-1986,4913
-1999,4914
-1975,4915
-1966,4916
-1976,4917
-1999,4918
-1961,4919
-1974,4920
-1956,4921
-1997,4922
-1900,4923
-1959,4924
-1959,4925
-2018,4926
-2072,4927
-2080,4928
-2075,4929
-2078,4930
-2011,4931
-2044,4932
-2046,4933
-2049,4934
-2046,4935
-2008,4936
-2040,4937
-1999,4938
-1978,4939
-2000,4940
-1960,4941
-1973,4942
-1946,4943
-1917,4944
-1900,4945
-1899,4946
-1885,4947
-1876,4948
-1861,4949
-1888,4950
-1883,4951
-1849,4952
-1844,4953
-1836,4954
-1837,4955
-1869,4956
-1895,4957
-1914,4958
-1960,4959
-1949,4960
-1953,4961
-1970,4962
-1991,4963
-2033,4964
-2006,4965
-2029,4966
-2020,4967
-2002,4968
-2033,4969
-2014,4970
-2033,4971
-1989,4972
-2065,4973
-2029,4974
-2017,4975
-2001,4976
-1982,4977
-1960,4978
-1968,4979
-1945,4980
-1967,4981
-1979,4982
-1972,4983
-1969,4984
-1979,4985
-1988,4986
-1995,4987
-2059,4988
-2063,4989
-2049,4990
-2067,4991
-2026,4992
-2062,4993
-2054,4994
-2107,4995
-2085,4996
-2083,4997
-2111,4998
-2129,4999
-2083,5000
-2099,5001
-2125,5002
-2137,5003
-2201,5004
-2209,5005
-2132,5006
-2010,5007
-2041,5008
-2012,5009
-2009,5010
-2013,5011
-2021,5012
-2005,5013
-1968,5014
-2028,5015
-2010,5016
-1994,5017
-2001,5018
-1997,5019
-2004,5020
-2005,5021
-2003,5022
-1992,5023
-1967,5024
-1985,5025
-1924,5026
-1947,5027
-1997,5028
-2018,5029
-2036,5030
-2033,5031
-2024,5032
-2049,5033
-2009,5034
-1986,5035
-1990,5036
-1942,5037
-1941,5038
-1945,5039
-1941,5040
-1932,5041
-1958,5042
-1944,5043
-1941,5044
-1887,5045
-1940,5046
-1962,5047
-1959,5048
-1933,5049
-1908,5050
-1852,5051
-1862,5052
-1870,5053
-1834,5054
-1789,5055
-1856,5056
-1947,5057
-1903,5058
-1926,5059
-1947,5060
-1965,5061
-1932,5062
-1902,5063
-1898,5064
-1869,5065
-1899,5066
-1905,5067
-1920,5068
-1919,5069
-1925,5070
-1947,5071
-1954,5072
-1947,5073
-1967,5074
-1944,5075
-1996,5076
-1989,5077
-1979,5078
-1958,5079
-1922,5080
-1938,5081
-1918,5082
-1911,5083
-1938,5084
-1974,5085
-1964,5086
-1996,5087
-1956,5088
-1960,5089
-2015,5090
-2029,5091
-2079,5092
-2097,5093
-2128,5094
-2193,5095
-2177,5096
-2162,5097
-2169,5098
-2179,5099
-2197,5100
-2241,5101
-2202,5102
-2210,5103
-2164,5104
-2215,5105
-2201,5106
-2265,5107
-2249,5108
-2197,5109
-2162,5110
-2149,5111
-2215,5112
-2207,5113
-2310,5114
-2306,5115
-2274,5116
-2285,5117
-2351,5118
-2276,5119
-2319,5120
-2243,5121
-2293,5122
-2330,5123
-2316,5124
-2356,5125
-2297,5126
-2320,5127
-2255,5128
-2246,5129
-2300,5130
-2297,5131
-2295,5132
-2289,5133
-2305,5134
-2291,5135
-2288,5136
-2274,5137
-2277,5138
-2259,5139
-2261,5140
-2271,5141
-2254,5142
-2272,5143
-2293,5144
-2199,5145
-2155,5146
-2166,5147
-2156,5148
-2157,5149
-2174,5150
-2269,5151
-2108,5152
-2410,5153
-2318,5154
-2278,5155
-2211,5156
-2142,5157
-2157,5158
-2224,5159
-2379,5160
-2425,5161
-2352,5162
-2418,5163
-2385,5164
-2376,5165
-2367,5166
-2393,5167
-2264,5168
-2309,5169
-2228,5170
-2181,5171
-2114,5172
-2087,5173
-2070,5174
-1999,5175
-2083,5176
-2098,5177
-2132,5178
-2148,5179
-2151,5180
-2087,5181
-2079,5182
-2074,5183
-2047,5184
-2010,5185
-2050,5186
-2048,5187
-2048,5188
-2063,5189
-2004,5190
-2024,5191
-1995,5192
-1941,5193
-1899,5194
-1941,5195
-1963,5196
-1988,5197
-1987,5198
-2007,5199
-2011,5200
-1918,5201
-2071,5202
-1787,5203
-1918,5204
-1895,5205
-1975,5206
-1958,5207
-1988,5208
-1935,5209
-1768,5210
-1698,5211
-1710,5212
-1645,5213
-1595,5214
-1607,5215
-1604,5216
-1573,5217
-1620,5218
-1669,5219
-1707,5220
-1782,5221
-1820,5222
-1838,5223
-1840,5224
-1898,5225
-1834,5226
-1760,5227
-1785,5228
-1801,5229
-1748,5230
-1801,5231
-1821,5232
-1780,5233
-1838,5234
-1844,5235
-1840,5236
-1864,5237
-1839,5238
-1823,5239
-1845,5240
-1821,5241
-1810,5242
-1816,5243
-1808,5244
-1805,5245
-1803,5246
-1788,5247
-1759,5248
-1762,5249
-1765,5250
-1751,5251
-1749,5252
-1688,5253
-1708,5254
-1690,5255
-1667,5256
-1658,5257
-1649,5258
-1678,5259
-1742,5260
-1793,5261
-1813,5262
-1820,5263
-1799,5264
-1795,5265
-1855,5266
-1880,5267
-1872,5268
-1887,5269
-1895,5270
-1905,5271
-1873,5272
-1895,5273
-1903,5274
-1890,5275
-1907,5276
-1936,5277
-1940,5278
-1926,5279
-1967,5280
-1971,5281
-1965,5282
-1991,5283
-1945,5284
-1968,5285
-1964,5286
-1963,5287
-1989,5288
-2020,5289
-1993,5290
-2011,5291
-2013,5292
-2010,5293
-2037,5294
-2041,5295
-2065,5296
-2082,5297
-2126,5298
-2145,5299
-2229,5300
-2151,5301
-2107,5302
-2172,5303
-2187,5304
-2228,5305
-2268,5306
-2286,5307
-2283,5308
-2233,5309
-2198,5310
-2142,5311
-2092,5312
-2103,5313
-2091,5314
-2131,5315
-2115,5316
-2115,5317
-2149,5318
-2120,5319
-2118,5320
-2171,5321
-2171,5322
-2151,5323
-2188,5324
-2199,5325
-2231,5326
-2237,5327
-2199,5328
-2204,5329
-2178,5330
-2199,5331
-2240,5332
-2248,5333
-2148,5334
-2159,5335
-2162,5336
-2097,5337
-2149,5338
-2157,5339
-2168,5340
-2169,5341
-2198,5342
-2210,5343
-2191,5344
-2197,5345
-2186,5346
-2152,5347
-2146,5348
-2157,5349
-2039,5350
-2122,5351
-2178,5352
-2148,5353
-2122,5354
-2145,5355
-2100,5356
-2136,5357
-2148,5358
-2167,5359
-2211,5360
-2237,5361
-2236,5362
-2233,5363
-2267,5364
-2246,5365
-2218,5366
-2186,5367
-2181,5368
-2154,5369
-2123,5370
-2109,5371
-2097,5372
-2085,5373
-2066,5374
-2047,5375
-2037,5376
-2048,5377
-2053,5378
-2051,5379
-2066,5380
-2058,5381
-2041,5382
-2025,5383
-2160,5384
-2120,5385
-2114,5386
-2181,5387
-2105,5388
-2117,5389
-2098,5390
-2091,5391
-2080,5392
-2111,5393
-2121,5394
-2115,5395
-2104,5396
-2075,5397
-2070,5398
-2016,5399
-2036,5400
-2035,5401
-2009,5402
-1971,5403
-1936,5404
-1920,5405
-1943,5406
-1914,5407
-1907,5408
-1873,5409
-1814,5410
-1788,5411
-1840,5412
-1830,5413
-1763,5414
-1758,5415
-1732,5416
-1710,5417
-1689,5418
-1723,5419
-1775,5420
-1774,5421
-1818,5422
-1840,5423
-1808,5424
-1777,5425
-1758,5426
-1725,5427
-1696,5428
-1672,5429
-1662,5430
-1645,5431
-1602,5432
-1611,5433
-1622,5434
-1591,5435
-1622,5436
-1665,5437
-1729,5438
-1645,5439
-1594,5440
-1550,5441
-1542,5442
-1524,5443
-1536,5444
-1573,5445
-1625,5446
-1692,5447
-1576,5448
-1598,5449
-1666,5450
-1653,5451
-1623,5452
-1664,5453
-1676,5454
-1672,5455
-1680,5456
-1690,5457
-1663,5458
-1696,5459
-1713,5460
-1730,5461
-1679,5462
-1709,5463
-1748,5464
-1748,5465
-1740,5466
-1743,5467
-1698,5468
-1706,5469
-1652,5470
-1571,5471
-1526,5472
-1457,5473
-1504,5474
-1556,5475
-1579,5476
-1570,5477
-1630,5478
-1621,5479
-1660,5480
-1711,5481
-1699,5482
-1732,5483
-1683,5484
-1762,5485
-1804,5486
-1784,5487
-1764,5488
-1789,5489
-1831,5490
-1866,5491
-1854,5492
-1819,5493
-1817,5494
-1793,5495
-1745,5496
-1728,5497
-1811,5498
-1809,5499
-1760,5500
-1783,5501
-1863,5502
-1865,5503
-1889,5504
-1870,5505
-1837,5506
-1829,5507
-1824,5508
-1819,5509
-1838,5510
-1835,5511
-1875,5512
-1918,5513
-1927,5514
-1949,5515
-2034,5516
-2069,5517
-2073,5518
-2108,5519
-2133,5520
-2177,5521
-2190,5522
-2246,5523
-2224,5524
-2198,5525
-2193,5526
-2205,5527
-2190,5528
-2222,5529
-2180,5530
-2151,5531
-2187,5532
-2160,5533
-2185,5534
-2152,5535
-2065,5536
-2027,5537
-2002,5538
-2035,5539
-2061,5540
-2053,5541
-2058,5542
-2073,5543
-2058,5544
-2086,5545
-2069,5546
-2077,5547
-2122,5548
-2124,5549
-2121,5550
-2117,5551
-2111,5552
-2082,5553
-2090,5554
-2116,5555
-2147,5556
-2142,5557
-2159,5558
-2159,5559
-2128,5560
-2133,5561
-2155,5562
-2080,5563
-2111,5564
-2072,5565
-1996,5566
-2007,5567
-2051,5568
-2023,5569
-1969,5570
-1986,5571
-1986,5572
-1966,5573
-1951,5574
-1998,5575
-1969,5576
-1981,5577
-1952,5578
-1931,5579
-1963,5580
-1959,5581
-1971,5582
-1987,5583
-1979,5584
-1988,5585
-2009,5586
-1989,5587
-2005,5588
-1995,5589
-2002,5590
-2003,5591
-1997,5592
-2006,5593
-2007,5594
-1987,5595
-2005,5596
-1994,5597
-1977,5598
-1988,5599
-1979,5600
-1969,5601
-2014,5602
-2041,5603
-2018,5604
-2042,5605
-2012,5606
-2007,5607
-2023,5608
-2055,5609
-2064,5610
-2058,5611
-2047,5612
-2048,5613
-2019,5614
-2045,5615
-2063,5616
-2047,5617
-2043,5618
-2025,5619
-2071,5620
-2070,5621
-2053,5622
-2062,5623
-2087,5624
-2072,5625
-2090,5626
-2092,5627
-2096,5628
-2093,5629
-2105,5630
-2098,5631
-2118,5632
-2093,5633
-2098,5634
-2148,5635
-2122,5636
-2107,5637
-2114,5638
-2118,5639
-2100,5640
-2133,5641
-2159,5642
-2150,5643
-2142,5644
-2113,5645
-2134,5646
-2114,5647
-2101,5648
-2096,5649
-2116,5650
-2126,5651
-2079,5652
-2058,5653
-2064,5654
-2039,5655
-2056,5656
-2073,5657
-2072,5658
-2041,5659
-2041,5660
-2054,5661
-2044,5662
-2070,5663
-2073,5664
-2061,5665
-2056,5666
-2065,5667
-2100,5668
-2110,5669
-2089,5670
-2088,5671
-2090,5672
-2133,5673
-2054,5674
-2063,5675
-2047,5676
-2100,5677
-2086,5678
-2124,5679
-2103,5680
-2131,5681
-2063,5682
-2065,5683
-2085,5684
-1991,5685
-2001,5686
-2042,5687
-2042,5688
-2055,5689
-2091,5690
-2052,5691
-2019,5692
-2022,5693
-2036,5694
-2057,5695
-2030,5696
-2035,5697
-2030,5698
-2027,5699
-2029,5700
-2039,5701
-2063,5702
-2091,5703
-2059,5704
-2094,5705
-2106,5706
-2116,5707
-2136,5708
-2097,5709
-2126,5710
-2115,5711
-2099,5712
-2058,5713
-2057,5714
-2041,5715
-2112,5716
-2119,5717
-2090,5718
-2084,5719
-2108,5720
-2091,5721
-2143,5722
-2061,5723
-2111,5724
-2203,5725
-2260,5726
-2173,5727
-2292,5728
-2307,5729
-2276,5730
-2150,5731
-2163,5732
-2128,5733
-2045,5734
-2146,5735
-2155,5736
-2123,5737
-2128,5738
-2073,5739
-2089,5740
-2058,5741
-2034,5742
-1995,5743
-1879,5744
-1848,5745
-1900,5746
-1939,5747
-1878,5748
-1856,5749
-1886,5750
-1922,5751
-1921,5752
-1874,5753
-1879,5754
-1834,5755
-1782,5756
-1751,5757
-1715,5758
-1741,5759
-1760,5760
-1757,5761
-1756,5762
-1731,5763
-1664,5764
-1611,5765
-1517,5766
-1501,5767
-1493,5768
-1493,5769
-1529,5770
-1541,5771
-1519,5772
-1541,5773
-1597,5774
-1491,5775
-1420,5776
-1427,5777
-1337,5778
-1303,5779
-1322,5780
-1504,5781
-1560,5782
-1613,5783
-1711,5784
-1674,5785
-1668,5786
-1714,5787
-1690,5788
-1731,5789
-1685,5790
-1719,5791
-1763,5792
-1806,5793
-1893,5794
-1913,5795
-1869,5796
-1812,5797
-1891,5798
-1910,5799
-1860,5800
-1804,5801
-1799,5802
-1844,5803
-1868,5804
-1876,5805
-1917,5806
-1934,5807
-1955,5808
-1970,5809
-1937,5810
-1944,5811
-1960,5812
-2013,5813
-2103,5814
-2190,5815
-2229,5816
-2230,5817
-2262,5818
-2241,5819
-2209,5820
-2198,5821
-2190,5822
-2212,5823
-2187,5824
-2166,5825
-2184,5826
-2229,5827
-2243,5828
-2240,5829
-2244,5830
-2165,5831
-2148,5832
-2136,5833
-2109,5834
-2104,5835
-2077,5836
-2074,5837
-2097,5838
-2104,5839
-2090,5840
-2075,5841
-2069,5842
-2048,5843
-2050,5844
-2087,5845
-2130,5846
-2102,5847
-2107,5848
-2089,5849
-2117,5850
-2123,5851
-2106,5852
-2097,5853
-2083,5854
-2075,5855
-2090,5856
-2083,5857
-2066,5858
-2052,5859
-2062,5860
-2046,5861
-2035,5862
-2051,5863
-2003,5864
-1983,5865
-1988,5866
-1972,5867
-1960,5868
-1948,5869
-1945,5870
-1952,5871
-1930,5872
-1927,5873
-1918,5874
-1918,5875
-1924,5876
-1902,5877
-1877,5878
-1875,5879
-1890,5880
-1883,5881
-1867,5882
-1872,5883
-1853,5884
-1835,5885
-1864,5886
-1850,5887
-1835,5888
-1819,5889
-1848,5890
-1872,5891
-1876,5892
-1911,5893
-1944,5894
-1919,5895
-1882,5896
-1925,5897
-1910,5898
-1947,5899
-1912,5900
-1924,5901
-1919,5902
-1912,5903
-1923,5904
-1937,5905
-1928,5906
-1933,5907
-1937,5908
-1955,5909
-1951,5910
-1965,5911
-1984,5912
-1969,5913
-1997,5914
-2004,5915
-1997,5916
-2028,5917
-2022,5918
-2030,5919
-2035,5920
-2048,5921
-2085,5922
-2086,5923
-2065,5924
-2075,5925
-2052,5926
-2042,5927
-2054,5928
-2066,5929
-2022,5930
-2030,5931
-2078,5932
-2055,5933
-1993,5934
-1983,5935
-2021,5936
-1990,5937
-1984,5938
-1978,5939
-1983,5940
-2015,5941
-1965,5942
-1990,5943
-2027,5944
-2024,5945
-2009,5946
-2032,5947
-2016,5948
-1998,5949
-2026,5950
-2018,5951
-2035,5952
-2023,5953
-2001,5954
-2016,5955
-2002,5956
-2006,5957
-2011,5958
-2005,5959
-1985,5960
-1971,5961
-1954,5962
-1942,5963
-1933,5964
-1922,5965
-1941,5966
-1927,5967
-1919,5968
-1933,5969
-1906,5970
-1862,5971
-1844,5972
-1846,5973
-1855,5974
-1871,5975
-1887,5976
-1912,5977
-1908,5978
-1884,5979
-1932,5980
-1924,5981
-1885,5982
-1924,5983
-2010,5984
-2037,5985
-2024,5986
-2057,5987
-2073,5988
-2079,5989
-2068,5990
-2022,5991
-2088,5992
-2050,5993
-2005,5994
-2010,5995
-2002,5996
-1964,5997
-1975,5998
-1987,5999
-1964,6000
-1975,6001
-1979,6002
-1972,6003
-1972,6004
-1946,6005
-1937,6006
-1940,6007
-1906,6008
-1935,6009
-1918,6010
-1933,6011
-1947,6012
-1963,6013
-1956,6014
-1965,6015
-1951,6016
-1948,6017
-1960,6018
-1938,6019
-1963,6020
-1979,6021
-1963,6022
-1953,6023
-1961,6024
-1966,6025
-1944,6026
-1925,6027
-1948,6028
-1962,6029
-1947,6030
-1948,6031
-1929,6032
-1925,6033
-1927,6034
-1905,6035
-1891,6036
-1893,6037
-1881,6038
-1890,6039
-1892,6040
-1901,6041
-1884,6042
-1891,6043
-1882,6044
-1865,6045
-1898,6046
-1918,6047
-1947,6048
-1919,6049
-1931,6050
-1932,6051
-1929,6052
-1950,6053
-1972,6054
-2010,6055
-2055,6056
-2064,6057
-2085,6058
-2069,6059
-2104,6060
-2128,6061
-2150,6062
-2123,6063
-2147,6064
-2133,6065
-2135,6066
-2143,6067
-2141,6068
-2175,6069
-2110,6070
-2085,6071
-2103,6072
-2051,6073
-1957,6074
-1964,6075
-2016,6076
-1981,6077
-1776,6078
-1787,6079
-1846,6080
-1615,6081
-1546,6082
-1571,6083
-1517,6084
-1438,6085
-1497,6086
-1462,6087
-1409,6088
-1423,6089
-1408,6090
-1405,6091
-1443,6092
-1433,6093
-1424,6094
-1461,6095
-1403,6096
-1398,6097
-1402,6098
-1412,6099
-1404,6100
-1403,6101
-1386,6102
-1375,6103
-1380,6104
-1348,6105
-1317,6106
-1308,6107
-1316,6108
-1288,6109
-1316,6110
-1264,6111
-1235,6112
-1253,6113
-1227,6114
-1233,6115
-1210,6116
-1196,6117
-1168,6118
-1165,6119
-1217,6120
-1262,6121
-1269,6122
-1311,6123
-1419,6124
-1391,6125
-1368,6126
-1417,6127
-1589,6128
-1575,6129
-1503,6130
-1743,6131
-1826,6132
-1792,6133
-1827,6134
-1938,6135
-1873,6136
-1899,6137
-1941,6138
-1928,6139
-1948,6140
-1981,6141
-1946,6142
-1943,6143
-1970,6144
-1945,6145
-1973,6146
-1965,6147
-1927,6148
-1937,6149
-1939,6150
-1916,6151
-1935,6152
-1927,6153
-1946,6154
-1963,6155
-1973,6156
-1993,6157
-1983,6158
-2017,6159
-2013,6160
-2029,6161
-2037,6162
-2026,6163
-2031,6164
-2014,6165
-2020,6166
-2008,6167
-2027,6168
-2014,6169
-2014,6170
-2008,6171
-1986,6172
-2001,6173
-2014,6174
-2018,6175
-2007,6176
-2002,6177
-2009,6178
-2002,6179
-2009,6180
-2024,6181
-2018,6182
-2026,6183
-2039,6184
-2019,6185
-2026,6186
-2034,6187
-2043,6188
-2060,6189
-2066,6190
-2059,6191
-2077,6192
-2063,6193
-2058,6194
-2055,6195
-2073,6196
-2071,6197
-2082,6198
-2067,6199
-2078,6200
-2100,6201
-2093,6202
-2113,6203
-2096,6204
-2081,6205
-2077,6206
-2051,6207
-2062,6208
-2052,6209
-2009,6210
-2008,6211
-2006,6212
-2035,6213
-2026,6214
-2059,6215
-2069,6216
-2072,6217
-2065,6218
-2065,6219
-2056,6220
-2053,6221
-2083,6222
-2057,6223
-1996,6224
-2006,6225
-1983,6226
-1874,6227
-1895,6228
-1888,6229
-1891,6230
-1835,6231
-1911,6232
-1816,6233
-1846,6234
-1855,6235
-1804,6236
-1791,6237
-1795,6238
-1773,6239
-1776,6240
-1763,6241
-1693,6242
-1753,6243
-1733,6244
-1749,6245
-1721,6246
-1741,6247
-1741,6248
-1769,6249
-1769,6250
-1757,6251
-1749,6252
-1746,6253
-1757,6254
-1745,6255
-1746,6256
-1765,6257
-1778,6258
-1764,6259
-1771,6260
-1761,6261
-1749,6262
-1724,6263
-1741,6264
-1744,6265
-1708,6266
-1727,6267
-1738,6268
-1737,6269
-1761,6270
-1760,6271
-1748,6272
-1756,6273
-1797,6274
-1778,6275
-1824,6276
-1944,6277
-1930,6278
-1953,6279
-1972,6280
-2014,6281
-1936,6282
-2030,6283
-1988,6284
-1979,6285
-2024,6286
-2030,6287
-2038,6288
-2054,6289
-2017,6290
-2018,6291
-2085,6292
-2016,6293
-2042,6294
-2040,6295
-2062,6296
-2057,6297
-2066,6298
-2058,6299
-2051,6300
-2037,6301
-2043,6302
-2043,6303
-2025,6304
-2009,6305
-2006,6306
-1986,6307
-1993,6308
-2003,6309
-2035,6310
-2026,6311
-2048,6312
-2079,6313
-2079,6314
-2119,6315
-2157,6316
-2145,6317
-2152,6318
-2158,6319
-2159,6320
-2194,6321
-2209,6322
-2230,6323
-2242,6324
-2263,6325
-2238,6326
-2222,6327
-2197,6328
-2189,6329
-2161,6330
-2144,6331
-2146,6332
-2118,6333
-2113,6334
-2122,6335
-2097,6336
-2115,6337
-2125,6338
-2114,6339
-2133,6340
-2134,6341
-2103,6342
-2137,6343
-2144,6344
-2140,6345
-2142,6346
-2136,6347
-2136,6348
-2117,6349
-2121,6350
-2135,6351
-2133,6352
-2118,6353
-2108,6354
-2122,6355
-2125,6356
-2121,6357
-2099,6358
-2110,6359
-2079,6360
-2103,6361
-2099,6362
-2088,6363
-2079,6364
-2012,6365
-2015,6366
-2030,6367
-2010,6368
-2024,6369
-2031,6370
-1997,6371
-1988,6372
-2026,6373
-2021,6374
-2053,6375
-2059,6376
-2043,6377
-2112,6378
-2133,6379
-2017,6380
-2071,6381
-2110,6382
-2102,6383
-2147,6384
-2154,6385
-2164,6386
-2167,6387
-2158,6388
-2143,6389
-2131,6390
-2126,6391
-2145,6392
-2145,6393
-2135,6394
-2145,6395
-2141,6396
-2130,6397
-2113,6398
-2134,6399
-2101,6400
-2104,6401
-2096,6402
-2119,6403
-2122,6404
-2133,6405
-2133,6406
-2148,6407
-2151,6408
-2136,6409
-2141,6410
-2136,6411
-2129,6412
-2131,6413
-2125,6414
-2147,6415
-2146,6416
-2143,6417
-2153,6418
-2143,6419
-2121,6420
-2111,6421
-2089,6422
-2041,6423
-2035,6424
-1986,6425
-1985,6426
-2019,6427
-1991,6428
-1971,6429
-2101,6430
-2053,6431
-1991,6432
-2006,6433
-2012,6434
-1976,6435
-2000,6436
-1996,6437
-1952,6438
-1961,6439
-1969,6440
-1966,6441
-1971,6442
-1969,6443
-1964,6444
-1956,6445
-1969,6446
-1968,6447
-1968,6448
-1958,6449
-1959,6450
-1953,6451
-1957,6452
-1934,6453
-1922,6454
-1923,6455
-1893,6456
-1897,6457
-1882,6458
-1892,6459
-1889,6460
-1880,6461
-1886,6462
-1869,6463
-1874,6464
-1882,6465
-1872,6466
-1842,6467
-1825,6468
-1795,6469
-1789,6470
-1812,6471
-1825,6472
-1826,6473
-1815,6474
-1803,6475
-1795,6476
-1790,6477
-1769,6478
-1782,6479
-1766,6480
-1789,6481
-1806,6482
-1813,6483
-1760,6484
-1780,6485
-1759,6486
-1781,6487
-1792,6488
-1803,6489
-1811,6490
-1812,6491
-1800,6492
-1763,6493
-1765,6494
-1758,6495
-1755,6496
-1776,6497
-1802,6498
-1786,6499
-1821,6500
-1809,6501
-1823,6502
-1845,6503
-1825,6504
-1834,6505
-1869,6506
-1840,6507
-1888,6508
-1889,6509
-1891,6510
-1922,6511
-1913,6512
-1912,6513
-1937,6514
-1903,6515
-1913,6516
-1959,6517
-1966,6518
-1991,6519
-2016,6520
-2018,6521
-2030,6522
-2049,6523
-2098,6524
-2108,6525
-2150,6526
-2168,6527
-2171,6528
-2184,6529
-2201,6530
-2204,6531
-2218,6532
-2236,6533
-2218,6534
-2184,6535
-2216,6536
-2210,6537
-2184,6538
-2213,6539
-2163,6540
-2152,6541
-2163,6542
-2206,6543
-2164,6544
-2170,6545
-2159,6546
-2149,6547
-2141,6548
-2166,6549
-2172,6550
-2181,6551
-2179,6552
-2133,6553
-2150,6554
-2109,6555
-2114,6556
-2134,6557
-2089,6558
-2086,6559
-2103,6560
-2104,6561
-2152,6562
-2158,6563
-2153,6564
-2173,6565
-2137,6566
-2110,6567
-2113,6568
-2077,6569
-2055,6570
-2025,6571
-2039,6572
-2013,6573
-1943,6574
-1953,6575
-1941,6576
-1927,6577
-1902,6578
-1881,6579
-1886,6580
-1874,6581
-1843,6582
-1764,6583
-1818,6584
-1869,6585
-1851,6586
-1841,6587
-1861,6588
-1830,6589
-1858,6590
-1843,6591
-1823,6592
-1796,6593
-1834,6594
-1828,6595
-1838,6596
-1840,6597
-1851,6598
-1852,6599
-1841,6600
-1845,6601
-1818,6602
-1873,6603
-1900,6604
-1912,6605
-1894,6606
-1875,6607
-1889,6608
-1886,6609
-1864,6610
-1829,6611
-1806,6612
-1833,6613
-1843,6614
-1859,6615
-1921,6616
-1920,6617
-1892,6618
-1974,6619
-1988,6620
-2019,6621
-2006,6622
-1988,6623
-2006,6624
-2019,6625
-2004,6626
-2003,6627
-2021,6628
-2021,6629
-2023,6630
-2035,6631
-2046,6632
-2101,6633
-2054,6634
-2028,6635
-2014,6636
-1981,6637
-1993,6638
-1982,6639
-2001,6640
-1977,6641
-1960,6642
-2004,6643
-1990,6644
-1986,6645
-1993,6646
-1999,6647
-1995,6648
-1978,6649
-1936,6650
-1960,6651
-1939,6652
-1864,6653
-1869,6654
-1907,6655
-1933,6656
-1928,6657
-1945,6658
-1951,6659
-1966,6660
-1944,6661
-1910,6662
-1937,6663
-1870,6664
-1871,6665
-1812,6666
-1805,6667
-1867,6668
-1792,6669
-1802,6670
-1781,6671
-1711,6672
-1735,6673
-1684,6674
-1636,6675
-1630,6676
-1631,6677
-1672,6678
-1695,6679
-1723,6680
-1691,6681
-1704,6682
-1745,6683
-1790,6684
-1806,6685
-1826,6686
-1844,6687
-1826,6688
-1911,6689
-1956,6690
-1944,6691
-1979,6692
-1918,6693
-1923,6694
-1982,6695
-1963,6696
-1970,6697
-1928,6698
-1864,6699
-1896,6700
-1894,6701
-1917,6702
-2026,6703
-2036,6704
-1993,6705
-1974,6706
-2018,6707
-2024,6708
-2033,6709
-2052,6710
-2117,6711
-2122,6712
-2048,6713
-2073,6714
-2037,6715
-2073,6716
-2094,6717
-2100,6718
-2114,6719
-2070,6720
-2114,6721
-2127,6722
-2085,6723
-2185,6724
-2224,6725
-2243,6726
-2280,6727
-2300,6728
-2267,6729
-2261,6730
-2274,6731
-2253,6732
-2229,6733
-2216,6734
-2190,6735
-2133,6736
-2092,6737
-2218,6738
-2112,6739
-2116,6740
-2217,6741
-2224,6742
-2276,6743
-2284,6744
-2250,6745
-2233,6746
-2232,6747
-2263,6748
-2302,6749
-2266,6750
-2228,6751
-2209,6752
-2141,6753
-2143,6754
-2180,6755
-2187,6756
-2147,6757
-2105,6758
-2112,6759
-2112,6760
-2125,6761
-2092,6762
-2140,6763
-2210,6764
-2206,6765
-2178,6766
-2200,6767
-2148,6768
-2143,6769
-2170,6770
-2132,6771
-2183,6772
-2264,6773
-2222,6774
-2211,6775
-2239,6776
-2229,6777
-2211,6778
-2242,6779
-2185,6780
-2220,6781
-2241,6782
-2225,6783
-2229,6784
-2238,6785
-2278,6786
-2319,6787
-2247,6788
-2278,6789
-2206,6790
-2191,6791
-2186,6792
-2142,6793
-2125,6794
-2080,6795
-2109,6796
-2105,6797
-2069,6798
-2124,6799
-2149,6800
-2191,6801
-2249,6802
-2248,6803
-2208,6804
-2189,6805
-2176,6806
-2255,6807
-2246,6808
-2315,6809
-2371,6810
-2347,6811
-2346,6812
-2256,6813
-2086,6814
-2200,6815
-2241,6816
-2187,6817
-2243,6818
-2282,6819
-2230,6820
-2255,6821
-2254,6822
-2189,6823
-2214,6824
-2171,6825
-2092,6826
-2072,6827
-2059,6828
-1949,6829
-1971,6830
-1976,6831
-1951,6832
-1936,6833
-1941,6834
-1960,6835
-2054,6836
-2117,6837
-1990,6838
-1968,6839
-2011,6840
-1962,6841
-1996,6842
-2002,6843
-2029,6844
-2028,6845
-1978,6846
-1981,6847
-1980,6848
-1963,6849
-1985,6850
-1974,6851
-1968,6852
-1987,6853
-1993,6854
-2018,6855
-1998,6856
-1907,6857
-1969,6858
-1920,6859
-1822,6860
-1802,6861
-1834,6862
-1886,6863
-2032,6864
-1923,6865
-1872,6866
-1948,6867
-1932,6868
-1850,6869
-1903,6870
-1893,6871
-1904,6872
-1894,6873
-1875,6874
-1930,6875
-1932,6876
-1917,6877
-1901,6878
-2007,6879
-2011,6880
-1980,6881
-2000,6882
-2036,6883
-2070,6884
-2032,6885
-1943,6886
-1892,6887
-1992,6888
-2014,6889
-1987,6890
-2034,6891
-2014,6892
-2032,6893
-2019,6894
-2045,6895
-2095,6896
-2070,6897
-2101,6898
-2097,6899
-2073,6900
-2075,6901
-2091,6902
-2063,6903
-2062,6904
-2117,6905
-2119,6906
-2173,6907
-2115,6908
-2060,6909
-2072,6910
-2074,6911
-2052,6912
-2079,6913
-2080,6914
-2090,6915
-2108,6916
-2019,6917
-2019,6918
-2039,6919
-2075,6920
-2084,6921
-2069,6922
-2114,6923
-2090,6924
-2091,6925
-2127,6926
-2115,6927
-2129,6928
-2083,6929
-2062,6930
-2069,6931
-2098,6932
-2065,6933
-2026,6934
-2092,6935
-2090,6936
-2089,6937
-2108,6938
-2110,6939
-2141,6940
-2130,6941
-2096,6942
-2080,6943
-2094,6944
-2076,6945
-2041,6946
-2091,6947
-2091,6948
-2058,6949
-2123,6950
-2093,6951
-2042,6952
-2060,6953
-2095,6954
-1990,6955
-2019,6956
-1972,6957
-2016,6958
-2037,6959
-2026,6960
-2037,6961
-2073,6962
-2056,6963
-2015,6964
-2048,6965
-2044,6966
-2067,6967
-2042,6968
-2059,6969
-2049,6970
-2026,6971
-2025,6972
-1999,6973
-2036,6974
-2037,6975
-2027,6976
-2039,6977
-2025,6978
-2038,6979
-2068,6980
-2048,6981
-2035,6982
-2058,6983
-2060,6984
-2037,6985
-2029,6986
-2020,6987
-2022,6988
-2026,6989
-1992,6990
-1992,6991
-2008,6992
-2015,6993
-2007,6994
-2027,6995
-2057,6996
-2045,6997
-2053,6998
-2081,6999
-2028,7000
-2064,7001
-2081,7002
-2109,7003
-2087,7004
-2099,7005
-2074,7006
-2116,7007
-2096,7008
-2071,7009
-2077,7010
-2085,7011
-2075,7012
-2078,7013
-2093,7014
-2114,7015
-2112,7016
-2129,7017
-2149,7018
-2178,7019
-2172,7020
-2180,7021
-2186,7022
-2212,7023
-2174,7024
-2144,7025
-2173,7026
-2132,7027
-2129,7028
-2157,7029
-2131,7030
-2139,7031
-2169,7032
-2161,7033
-2172,7034
-2164,7035
-2178,7036
-2187,7037
-2145,7038
-2133,7039
-2157,7040
-2159,7041
-2145,7042
-2153,7043
-2143,7044
-2152,7045
-2139,7046
-2097,7047
-2096,7048
-2085,7049
-2083,7050
-2073,7051
-2056,7052
-2034,7053
-2010,7054
-2046,7055
-2059,7056
-2033,7057
-2033,7058
-2056,7059
-2069,7060
-2045,7061
-2047,7062
-2060,7063
-2065,7064
-2038,7065
-2035,7066
-2042,7067
-2016,7068
-1999,7069
-1972,7070
-1972,7071
-1945,7072
-1940,7073
-1951,7074
-1970,7075
-1966,7076
-1993,7077
-1973,7078
-1944,7079
-1945,7080
-1939,7081
-1895,7082
-1870,7083
-1785,7084
-1780,7085
-1777,7086
-1748,7087
-1770,7088
-1797,7089
-1799,7090
-1785,7091
-1812,7092
-1826,7093
-1828,7094
-1835,7095
-1860,7096
-1880,7097
-1884,7098
-1901,7099
-1891,7100
-1876,7101
-1877,7102
-1873,7103
-1895,7104
-1891,7105
-1904,7106
-1905,7107
-1895,7108
-1887,7109
-1886,7110
-1886,7111
-1878,7112
-1867,7113
-1869,7114
-1843,7115
-1869,7116
-1854,7117
-1870,7118
-1859,7119
-1845,7120
-1841,7121
-1846,7122
-1841,7123
-1867,7124
-1868,7125
-1891,7126
-1889,7127
-1896,7128
-1886,7129
-1909,7130
-1903,7131
-1897,7132
-1914,7133
-1943,7134
-1934,7135
-1913,7136
-1916,7137
-1929,7138
-1865,7139
-1843,7140
-1834,7141
-1825,7142
-1816,7143
-1837,7144
-1791,7145
-1804,7146
-1795,7147
-1791,7148
-1787,7149
-1806,7150
-1834,7151
-1847,7152
-1870,7153
-1846,7154
-1838,7155
-1842,7156
-1842,7157
-1828,7158
-1819,7159
-1832,7160
-1838,7161
-1852,7162
-1854,7163
-1851,7164
-1892,7165
-1843,7166
-1891,7167
-1866,7168
-1873,7169
-1890,7170
-1927,7171
-1931,7172
-1910,7173
-1898,7174
-1893,7175
-1856,7176
-1856,7177
-1844,7178
-1864,7179
-1886,7180
-1891,7181
-1905,7182
-1935,7183
-1952,7184
-1968,7185
-1968,7186
-1998,7187
-1996,7188
-2050,7189
-2055,7190
-2079,7191
-2128,7192
-2143,7193
-2140,7194
-2219,7195
-2171,7196
-2208,7197
-2199,7198
-2150,7199
-2168,7200
-2177,7201
-2181,7202
-2188,7203
-2205,7204
-2188,7205
-2174,7206
-2199,7207
-2222,7208
-2246,7209
-2216,7210
-2209,7211
-2205,7212
-2195,7213
-2204,7214
-2163,7215
-2205,7216
-2171,7217
-2192,7218
-2227,7219
-2220,7220
-2180,7221
-2210,7222
-2217,7223
-2211,7224
-2229,7225
-2214,7226
-2219,7227
-2257,7228
-2257,7229
-2221,7230
-2217,7231
-2214,7232
-2194,7233
-2206,7234
-2213,7235
-2246,7236
-2191,7237
-2200,7238
-2173,7239
-2170,7240
-2156,7241
-2077,7242
-2064,7243
-2066,7244
-2006,7245
-2016,7246
-1968,7247
-1975,7248
-2014,7249
-2011,7250
-1990,7251
-1979,7252
-1962,7253
-1972,7254
-1923,7255
-1940,7256
-1926,7257
-1958,7258
-1925,7259
-1922,7260
-1956,7261
-1965,7262
-1961,7263
-1973,7264
-1978,7265
-1992,7266
-1992,7267
-1965,7268
-1933,7269
-1963,7270
-1977,7271
-1943,7272
-1952,7273
-1926,7274
-1898,7275
-1908,7276
-1927,7277
-1878,7278
-1882,7279
-1914,7280
-1906,7281
-1890,7282
-1921,7283
-1941,7284
-1929,7285
-1913,7286
-1938,7287
-1921,7288
-1963,7289
-1963,7290
-1940,7291
-1967,7292
-1960,7293
-1968,7294
-1993,7295
-1975,7296
-1990,7297
-1989,7298
-1999,7299
-2002,7300
-2008,7301
-2030,7302
-2035,7303
-2032,7304
-2073,7305
-2042,7306
-2044,7307
-1985,7308
-2001,7309
-2059,7310
-2035,7311
-2031,7312
-2054,7313
-2047,7314
-2028,7315
-2012,7316
-2005,7317
-2033,7318
-2080,7319
-2060,7320
-2036,7321
-2065,7322
-2057,7323
-2076,7324
-2109,7325
-2144,7326
-2124,7327
-2163,7328
-2168,7329
-2142,7330
-2166,7331
-2209,7332
-2176,7333
-2173,7334
-2201,7335
-2205,7336
-2206,7337
-2226,7338
-2201,7339
-2214,7340
-2242,7341
-2251,7342
-2250,7343
-2234,7344
-2210,7345
-2222,7346
-2224,7347
-2272,7348
-2265,7349
-2221,7350
-2195,7351
-2164,7352
-2164,7353
-2143,7354
-2187,7355
-2213,7356
-2204,7357
-2220,7358
-2209,7359
-2148,7360
-2137,7361
-2130,7362
-2109,7363
-2106,7364
-2128,7365
-2151,7366
-2163,7367
-2161,7368
-2119,7369
-2117,7370
-2101,7371
-2099,7372
-2083,7373
-2096,7374
-2067,7375
-2036,7376
-2036,7377
-2032,7378
-2024,7379
-2028,7380
-2019,7381
-1988,7382
-1991,7383
-1971,7384
-1949,7385
-1939,7386
-1949,7387
-1935,7388
-1923,7389
-1947,7390
-1942,7391
-1904,7392
-1915,7393
-1894,7394
-1904,7395
-1906,7396
-1913,7397
-1852,7398
-1819,7399
-1852,7400
-1876,7401
-1891,7402
-1890,7403
-1902,7404
-1891,7405
-1891,7406
-1882,7407
-1892,7408
-1916,7409
-1948,7410
-1956,7411
-1989,7412
-2033,7413
-2027,7414
-2026,7415
-2020,7416
-2002,7417
-1993,7418
-2003,7419
-2019,7420
-2050,7421
-2036,7422
-2059,7423
-2073,7424
-2085,7425
-2089,7426
-2073,7427
-2075,7428
-2081,7429
-2080,7430
-2080,7431
-2078,7432
-2067,7433
-2081,7434
-2064,7435
-2096,7436
-2099,7437
-2093,7438
-2085,7439
-2045,7440
-2049,7441
-2073,7442
-2073,7443
-2078,7444
-2098,7445
-2103,7446
-2090,7447
-2089,7448
-2127,7449
-2136,7450
-2112,7451
-2135,7452
-2099,7453
-2105,7454
-2110,7455
-2083,7456
-2106,7457
-2126,7458
-2127,7459
-2109,7460
-2101,7461
-2078,7462
-2044,7463
-2041,7464
-2044,7465
-2043,7466
-2048,7467
-2061,7468
-2060,7469
-2026,7470
-2020,7471
-2021,7472
-2044,7473
-2029,7474
-2000,7475
-1996,7476
-2014,7477
-2021,7478
-2024,7479
-2022,7480
-2029,7481
-2026,7482
-2030,7483
-2009,7484
-2027,7485
-2028,7486
-2023,7487
-1985,7488
-2006,7489
-2003,7490
-2006,7491
-1998,7492
-2018,7493
-2032,7494
-2010,7495
-2024,7496
-2033,7497
-2053,7498
-2061,7499
-2029,7500
-2044,7501
-2027,7502
-2055,7503
-2060,7504
-2031,7505
-2045,7506
-2041,7507
-2014,7508
-1995,7509
-2010,7510
-2007,7511
-1994,7512
-1999,7513
-2011,7514
-2001,7515
-2002,7516
-1992,7517
-1991,7518
-1987,7519
-2018,7520
-2013,7521
-2012,7522
-2013,7523
-2017,7524
-2040,7525
-2021,7526
-2011,7527
-1999,7528
-1984,7529
-1990,7530
-2001,7531
-2003,7532
-2030,7533
-2067,7534
-2062,7535
-2037,7536
-2043,7537
-2112,7538
-2090,7539
-2094,7540
-2074,7541
-2098,7542
-2066,7543
-2054,7544
-2051,7545
-2043,7546
-2047,7547
-2053,7548
-2052,7549
-2063,7550
-2050,7551
-2037,7552
-2014,7553
-2014,7554
-2057,7555
-2062,7556
-2046,7557
-2066,7558
-2057,7559
-2046,7560
-2058,7561
-2073,7562
-2060,7563
-2043,7564
-2057,7565
-2050,7566
-2054,7567
-2070,7568
-2069,7569
-2070,7570
-2090,7571
-2104,7572
-2101,7573
-2078,7574
-2094,7575
-2110,7576
-2125,7577
-2098,7578
-2107,7579
-2103,7580
-2082,7581
-2105,7582
-2079,7583
-2066,7584
-2130,7585
-2108,7586
-2104,7587
-2055,7588
-2092,7589
-2093,7590
-2121,7591
-2093,7592
-2111,7593
-2137,7594
-2126,7595
-2117,7596
-2121,7597
-2130,7598
-2134,7599
-2146,7600
-2145,7601
-2160,7602
-2171,7603
-2171,7604
-2176,7605
-2162,7606
-2164,7607
-2173,7608
-2174,7609
-2165,7610
-2167,7611
-2143,7612
-2148,7613
-2148,7614
-2144,7615
-2141,7616
-2172,7617
-2141,7618
-2140,7619
-2112,7620
-2083,7621
-2105,7622
-2094,7623
-2109,7624
-2068,7625
-2060,7626
-2067,7627
-2105,7628
-2120,7629
-2085,7630
-2078,7631
-2081,7632
-2078,7633
-2088,7634
-2013,7635
-2039,7636
-2012,7637
-2026,7638
-1983,7639
-1993,7640
-1997,7641
-2009,7642
-1957,7643
-1973,7644
-1974,7645
-1973,7646
-1951,7647
-1933,7648
-1925,7649
-1931,7650
-1953,7651
-1956,7652
-1968,7653
-1974,7654
-1955,7655
-1984,7656
-2011,7657
-1951,7658
-1960,7659
-1959,7660
-1963,7661
-1973,7662
-1961,7663
-1977,7664
-1986,7665
-1974,7666
-1943,7667
-1939,7668
-1944,7669
-1957,7670
-1965,7671
-1930,7672
-1936,7673
-1945,7674
-1978,7675
-1998,7676
-1999,7677
-1961,7678
-1954,7679
-1967,7680
-1978,7681
-1985,7682
-1960,7683
-1938,7684
-1927,7685
-1934,7686
-1978,7687
-1984,7688
-2004,7689
-2036,7690
-1999,7691
-2006,7692
-2035,7693
-1994,7694
-2000,7695
-2020,7696
-2044,7697
-2028,7698
-2010,7699
-2006,7700
-2004,7701
-2019,7702
-2015,7703
-2007,7704
-1986,7705
-1985,7706
-1983,7707
-2035,7708
-2051,7709
-2066,7710
-2064,7711
-2065,7712
-2099,7713
-2073,7714
-2040,7715
-2030,7716
-2006,7717
-2035,7718
-2034,7719
-2065,7720
-2075,7721
-2100,7722
-2122,7723
-2111,7724
-2114,7725
-2095,7726
-2043,7727
-2071,7728
-2045,7729
-2046,7730
-2019,7731
-2017,7732
-2051,7733
-2028,7734
-2036,7735
-2029,7736
-2015,7737
-2043,7738
-2023,7739
-1982,7740
-1987,7741
-1983,7742
-1988,7743
-1978,7744
-2014,7745
-2000,7746
-1992,7747
-1994,7748
-2017,7749
-2050,7750
-2061,7751
-2018,7752
-2011,7753
-1995,7754
-1997,7755
-1997,7756
-1965,7757
-1951,7758
-1941,7759
-1905,7760
-1911,7761
-1925,7762
-1903,7763
-1917,7764
-1941,7765
-1966,7766
-1983,7767
-1977,7768
-1962,7769
-1933,7770
-1927,7771
-1880,7772
-1876,7773
-1885,7774
-1873,7775
-1903,7776
-1963,7777
-1952,7778
-1969,7779
-1985,7780
-2018,7781
-2008,7782
-2010,7783
-2020,7784
-2040,7785
-2044,7786
-2033,7787
-1993,7788
-2008,7789
-1983,7790
-1989,7791
-1959,7792
-1938,7793
-1973,7794
-1939,7795
-1958,7796
-1967,7797
-1980,7798
-1972,7799
-1944,7800
-1922,7801
-1944,7802
-1952,7803
-1963,7804
-1973,7805
-1973,7806
-1965,7807
-1963,7808
-1959,7809
-2000,7810
-2001,7811
-1988,7812
-1992,7813
-1991,7814
-1992,7815
-1989,7816
-1988,7817
-1957,7818
-1990,7819
-2019,7820
-2023,7821
-2035,7822
-2025,7823
-2007,7824
-2029,7825
-2017,7826
-1993,7827
-2010,7828
-2042,7829
-2040,7830
-2037,7831
-2043,7832
-2063,7833
-2051,7834
-2064,7835
-2069,7836
-2065,7837
-2097,7838
-2102,7839
-2127,7840
-2149,7841
-2188,7842
-2201,7843
-2193,7844
-2189,7845
-2175,7846
-2177,7847
-2189,7848
-2160,7849
-2151,7850
-2152,7851
-2152,7852
-2155,7853
-2165,7854
-2189,7855
-2184,7856
-2230,7857
-2232,7858
-2221,7859
-2226,7860
-2212,7861
-2224,7862
-2217,7863
-2228,7864
-2222,7865
-2211,7866
-2246,7867
-2272,7868
-2243,7869
-2213,7870
-2235,7871
-2224,7872
-2206,7873
-2241,7874
-2203,7875
-2195,7876
-2198,7877
-2168,7878
-2152,7879
-2149,7880
-2156,7881
-2183,7882
-2140,7883
-2164,7884
-2150,7885
-2124,7886
-2149,7887
-2139,7888
-2137,7889
-2170,7890
-2135,7891
-2109,7892
-2120,7893
-2087,7894
-2092,7895
-2104,7896
-2067,7897
-2049,7898
-2089,7899
-2100,7900
-2100,7901
-2100,7902
-2087,7903
-2082,7904
-2070,7905
-2056,7906
-2044,7907
-2054,7908
-2054,7909
-2041,7910
-2043,7911
-2021,7912
-2056,7913
-2024,7914
-2025,7915
-2020,7916
-2026,7917
-2017,7918
-2033,7919
-2139,7920
-2056,7921
-2127,7922
-2138,7923
-2114,7924
-2113,7925
-2126,7926
-2134,7927
-2150,7928
-2165,7929
-2160,7930
-2158,7931
-2145,7932
-2159,7933
-2159,7934
-2161,7935
-2185,7936
-2176,7937
-2161,7938
-2174,7939
-2162,7940
-2183,7941
-2198,7942
-2195,7943
-2222,7944
-2240,7945
-2213,7946
-2240,7947
-2236,7948
-2234,7949
-2220,7950
-2218,7951
-2210,7952
-2229,7953
-2225,7954
-2219,7955
-2217,7956
-2198,7957
-2203,7958
-2220,7959
-2224,7960
-2225,7961
-2237,7962
-2182,7963
-2223,7964
-2226,7965
-2238,7966
-2205,7967
-2204,7968
-2217,7969
-2128,7970
-2191,7971
-2141,7972
-2138,7973
-2145,7974
-2163,7975
-2138,7976
-2120,7977
-2122,7978
-2109,7979
-2113,7980
-2094,7981
-2070,7982
-2068,7983
-2065,7984
-2062,7985
-2040,7986
-2039,7987
-2046,7988
-2036,7989
-2014,7990
-2019,7991
-2020,7992
-2017,7993
-2025,7994
-1984,7995
-2014,7996
-1997,7997
-1994,7998
-1975,7999
-1980,8000
-1974,8001
-1975,8002
-1965,8003
-1960,8004
-1943,8005
-1939,8006
-1957,8007
-1920,8008
-1911,8009
-1919,8010
-1946,8011
-1955,8012
-1984,8013
-1930,8014
-1929,8015
-1945,8016
-1971,8017
-1981,8018
-1982,8019
-1977,8020
-1970,8021
-1980,8022
-1989,8023
-1988,8024
-2003,8025
-1996,8026
-2011,8027
-2011,8028
-1972,8029
-1967,8030
-1963,8031
-1962,8032
-1959,8033
-1952,8034
-1964,8035
-1966,8036
-1970,8037
-1985,8038
-1978,8039
-1988,8040
-1987,8041
-1986,8042
-2002,8043
-1978,8044
-2012,8045
-1993,8046
-2016,8047
-2018,8048
-2021,8049
-2022,8050
-2029,8051
-2039,8052
-2028,8053
-2053,8054
-2060,8055
-2071,8056
-2051,8057
-2067,8058
-2086,8059
-2068,8060
-2052,8061
-2044,8062
-2032,8063
-2064,8064
-2068,8065
-2033,8066
-2019,8067
-2024,8068
-2002,8069
-2006,8070
-2008,8071
-1983,8072
-1971,8073
-1973,8074
-1972,8075
-1978,8076
-1974,8077
-1968,8078
-1994,8079
-1999,8080
-2020,8081
-2028,8082
-2032,8083
-2037,8084
-2012,8085
-2031,8086
-2022,8087
-2010,8088
-2014,8089
-1990,8090
-1989,8091
-1995,8092
-1976,8093
-1988,8094
-1992,8095
-1997,8096
-1979,8097
-1988,8098
-1992,8099
-1979,8100
-1995,8101
-1986,8102
-1999,8103
-1983,8104
-1961,8105
-1950,8106
-1940,8107
-1967,8108
-1955,8109
-1970,8110
-1977,8111
-1969,8112
-1979,8113
-1974,8114
-1963,8115
-1999,8116
-1985,8117
-1985,8118
-1995,8119
-1995,8120
-2005,8121
-2036,8122
-2028,8123
-2037,8124
-2030,8125
-2028,8126
-2047,8127
-2071,8128
-2064,8129
-2067,8130
-2071,8131
-2055,8132
-2054,8133
-2059,8134
-2070,8135
-2059,8136
-2055,8137
-2062,8138
-2077,8139
-2093,8140
-2087,8141
-2083,8142
-2095,8143
-2092,8144
-2083,8145
-2078,8146
-2094,8147
-2081,8148
-2086,8149
-2118,8150
-2148,8151
-2095,8152
-1968,8153
-1937,8154
-1899,8155
-1909,8156
-1987,8157
-1954,8158
-1969,8159
-2074,8160
-2066,8161
-2134,8162
-2098,8163
-2119,8164
-2173,8165
-2145,8166
-2158,8167
-2133,8168
-2116,8169
-2106,8170
-2103,8171
-2101,8172
-2116,8173
-2070,8174
-2055,8175
-2077,8176
-2038,8177
-2009,8178
-2002,8179
-2030,8180
-2014,8181
-2062,8182
-2054,8183
-2038,8184
-2037,8185
-2027,8186
-2030,8187
-2038,8188
-2021,8189
-2023,8190
-2020,8191
-2020,8192
-2025,8193
-2031,8194
-2032,8195
-2030,8196
-2046,8197
-2040,8198
-2031,8199
-2014,8200
-1980,8201
-2034,8202
-2165,8203
-2199,8204
-2275,8205
-2280,8206
-2230,8207
-2249,8208
-2246,8209
-2145,8210
-2142,8211
-2097,8212
-2133,8213
-2123,8214
-2073,8215
-2102,8216
-2101,8217
-2117,8218
-2137,8219
-2146,8220
-2143,8221
-2130,8222
-2133,8223
-2162,8224
-2191,8225
-2193,8226
-2219,8227
-2223,8228
-2215,8229
-2199,8230
-2234,8231
-2195,8232
-2240,8233
-2263,8234
-2270,8235
-2278,8236
-2274,8237
-2267,8238
-2267,8239
-2256,8240
-2251,8241
-2249,8242
-2236,8243
-2237,8244
-2227,8245
-2247,8246
-2228,8247
-2251,8248
-2270,8249
-2292,8250
-2255,8251
-2236,8252
-2251,8253
-2230,8254
-2260,8255
-2224,8256
-2228,8257
-2220,8258
-2206,8259
-2190,8260
-2173,8261
-2165,8262
-2144,8263
-2129,8264
-2157,8265
-2163,8266
-2164,8267
-2161,8268
-2134,8269
-2100,8270
-2136,8271
-2138,8272
-2113,8273
-2104,8274
-2066,8275
-2033,8276
-2021,8277
-2029,8278
-2035,8279
-2021,8280
-1978,8281
-1990,8282
-1940,8283
-1915,8284
-1901,8285
-1906,8286
-1913,8287
-1913,8288
-1936,8289
-1963,8290
-1949,8291
-1956,8292
-1960,8293
-1958,8294
-1991,8295
-1965,8296
-1974,8297
-1975,8298
-1962,8299
-1929,8300
-1989,8301
-2001,8302
-1969,8303
-1983,8304
-1944,8305
-1962,8306
-1949,8307
-1942,8308
-1943,8309
-1939,8310
-1944,8311
-1930,8312
-1943,8313
-1950,8314
-1910,8315
-1872,8316
-1866,8317
-1870,8318
-1893,8319
-1908,8320
-1868,8321
-1852,8322
-1868,8323
-1881,8324
-1894,8325
-1916,8326
-1919,8327
-1915,8328
-1934,8329
-1928,8330
-1947,8331
-1937,8332
-1940,8333
-1967,8334
-1998,8335
-2004,8336
-2000,8337
-2000,8338
-1978,8339
-1939,8340
-1983,8341
-1973,8342
-1956,8343
-1960,8344
-1917,8345
-1891,8346
-1883,8347
-1868,8348
-1884,8349
-1845,8350
-1746,8351
-1654,8352
-1655,8353
-1675,8354
-1620,8355
-1637,8356
-1697,8357
-1732,8358
-1705,8359
-1728,8360
-1776,8361
-1767,8362
-1721,8363
-1704,8364
-1664,8365
-1678,8366
-1721,8367
-1745,8368
-1718,8369
-1766,8370
-1736,8371
-1779,8372
-1775,8373
-1723,8374
-1709,8375
-1732,8376
-1708,8377
-1711,8378
-1717,8379
-1720,8380
-1714,8381
-1727,8382
-1749,8383
-1738,8384
-1707,8385
-1711,8386
-1706,8387
-1706,8388
-1724,8389
-1753,8390
-1733,8391
-1745,8392
-1758,8393
-1738,8394
-1759,8395
-1804,8396
-1809,8397
-1799,8398
-1783,8399
-1829,8400
-1906,8401
-1993,8402
-1997,8403
-1977,8404
-2045,8405
-2045,8406
-1979,8407
-1958,8408
-1973,8409
-1951,8410
-1916,8411
-1928,8412
-1970,8413
-1995,8414
-2034,8415
-2038,8416
-2001,8417
-1960,8418
-1975,8419
-1930,8420
-1962,8421
-1939,8422
-1943,8423
-1968,8424
-2001,8425
-1985,8426
-2007,8427
-2005,8428
-1988,8429
-1995,8430
-1999,8431
-1992,8432
-1970,8433
-1964,8434
-1970,8435
-1963,8436
-1975,8437
-1984,8438
-1981,8439
-1990,8440
-2011,8441
-2010,8442
-1998,8443
-2035,8444
-2052,8445
-2041,8446
-2030,8447
-2027,8448
-2025,8449
-2023,8450
-2047,8451
-2071,8452
-2077,8453
-2113,8454
-2114,8455
-2085,8456
-2090,8457
-2095,8458
-2119,8459
-2097,8460
-2089,8461
-2077,8462
-2056,8463
-2042,8464
-2051,8465
-2063,8466
-2075,8467
-2096,8468
-2101,8469
-2115,8470
-2076,8471
-2053,8472
-2030,8473
-2094,8474
-2086,8475
-2055,8476
-2055,8477
-2047,8478
-2066,8479
-2040,8480
-2025,8481
-1974,8482
-1998,8483
-1968,8484
-1985,8485
-1976,8486
-1989,8487
-1909,8488
-1884,8489
-1868,8490
-1851,8491
-1826,8492
-1816,8493
-1787,8494
-1789,8495
-1791,8496
-1783,8497
-1798,8498
-1790,8499
-1775,8500
-1757,8501
-1744,8502
-1749,8503
-1720,8504
-1744,8505
-1749,8506
-1732,8507
-1730,8508
-1725,8509
-1728,8510
-1740,8511
-1754,8512
-1773,8513
-1772,8514
-1781,8515
-1757,8516
-1749,8517
-1747,8518
-1747,8519
-1735,8520
-1780,8521
-1801,8522
-1810,8523
-1777,8524
-1768,8525
-1795,8526
-1801,8527
-1817,8528
-1817,8529
-1821,8530
-1835,8531
-1899,8532
-1874,8533
-1918,8534
-1884,8535
-1907,8536
-1904,8537
-1970,8538
-1975,8539
-1988,8540
-1979,8541
-2019,8542
-2016,8543
-2002,8544
-2002,8545
-1988,8546
-2026,8547
-2031,8548
-2040,8549
-2043,8550
-2053,8551
-2042,8552
-2006,8553
-1980,8554
-1966,8555
-1988,8556
-2011,8557
-2001,8558
-2019,8559
-2027,8560
-2013,8561
-2020,8562
-2021,8563
-2014,8564
-2034,8565
-2029,8566
-2039,8567
-2062,8568
-2055,8569
-2042,8570
-2027,8571
-1998,8572
-2026,8573
-2031,8574
-2014,8575
-1992,8576
-1992,8577
-1984,8578
-1978,8579
-2053,8580
-2030,8581
-2014,8582
-2030,8583
-2009,8584
-2035,8585
-1995,8586
-1973,8587
-1987,8588
-2023,8589
-2001,8590
-1999,8591
-1995,8592
-2012,8593
-2035,8594
-2011,8595
-2019,8596
-2003,8597
-1999,8598
-2007,8599
-2013,8600
-1988,8601
-2002,8602
-2047,8603
-2072,8604
-2047,8605
-2047,8606
-2037,8607
-2037,8608
-2007,8609
-2019,8610
-2029,8611
-2031,8612
-2041,8613
-2070,8614
-2047,8615
-2066,8616
-2059,8617
-2039,8618
-2041,8619
-2062,8620
-2076,8621
-2102,8622
-2085,8623
-2085,8624
-2096,8625
-2096,8626
-2108,8627
-2121,8628
-2105,8629
-2054,8630
-2079,8631
-2074,8632
-2068,8633
-2090,8634
-2079,8635
-2101,8636
-2102,8637
-2084,8638
-2062,8639
-2071,8640
-2081,8641
-2060,8642
-2067,8643
-2060,8644
-2059,8645
-2072,8646
-2061,8647
-2055,8648
-2011,8649
-2049,8650
-2045,8651
-2038,8652
-2019,8653
-2042,8654
-2044,8655
-2042,8656
-2037,8657
-2048,8658
-2037,8659
-2048,8660
-2034,8661
-1993,8662
-2001,8663
-2004,8664
-2005,8665
-2001,8666
-2000,8667
-1983,8668
-1996,8669
-1992,8670
-1970,8671
-1966,8672
-1937,8673
-1940,8674
-1963,8675
-1969,8676
-1962,8677
-1922,8678
-1940,8679
-1925,8680
-1910,8681
-1894,8682
-1908,8683
-1888,8684
-1894,8685
-1889,8686
-1916,8687
-1909,8688
-1897,8689
-1919,8690
-1893,8691
-1894,8692
-1887,8693
-1889,8694
-1903,8695
-1892,8696
-1886,8697
-1901,8698
-1936,8699
-1901,8700
-1902,8701
-1911,8702
-1916,8703
-1885,8704
-1885,8705
-1898,8706
-1895,8707
-1875,8708
-1881,8709
-1863,8710
-1864,8711
-1906,8712
-1894,8713
-1872,8714
-1873,8715
-1876,8716
-1863,8717
-1870,8718
-1850,8719
-1861,8720
-1874,8721
-1901,8722
-1924,8723
-1937,8724
-1915,8725
-1923,8726
-1916,8727
-1951,8728
-1945,8729
-1984,8730
-1989,8731
-2002,8732
-1983,8733
-1989,8734
-1986,8735
-1994,8736
-1975,8737
-1972,8738
-1989,8739
-1968,8740
-1982,8741
-1987,8742
-1980,8743
-2001,8744
-1991,8745
-1993,8746
-1994,8747
-1990,8748
-1987,8749
-1983,8750
-1986,8751
-1990,8752
-1986,8753
-1990,8754
-1996,8755
-1981,8756
-1994,8757
-1999,8758
-2011,8759
-2020,8760
-2027,8761
-2013,8762
-2013,8763
-2020,8764
-2013,8765
-2017,8766
-2024,8767
-2026,8768
-2053,8769
-2037,8770
-2049,8771
-2017,8772
-2022,8773
-2000,8774
-2009,8775
-2006,8776
-2016,8777
-2015,8778
-2020,8779
-1992,8780
-1995,8781
-1990,8782
-1995,8783
-2005,8784
-1995,8785
-1993,8786
-1992,8787
-2001,8788
-1997,8789
-2000,8790
-2000,8791
-1998,8792
-2013,8793
-2000,8794
-2002,8795
-1998,8796
-2013,8797
-2012,8798
-2009,8799
-2016,8800
-2011,8801
-2007,8802
-2017,8803
-2019,8804
-2010,8805
-2028,8806
-2020,8807
-2035,8808
-2026,8809
-2026,8810
-2029,8811
-2039,8812
-2041,8813
-2044,8814
-2042,8815
-2038,8816
-2023,8817
-2021,8818
-2009,8819
-2016,8820
-2009,8821
-2020,8822
-2020,8823
-2021,8824
-2016,8825
-2025,8826
-2016,8827
-2019,8828
-2014,8829
-2018,8830
-2021,8831
-2019,8832
-2025,8833
-2020,8834
-2025,8835
-2029,8836
-2030,8837
-2029,8838
-2026,8839
-2020,8840
-2029,8841
-2029,8842
-2025,8843
-2021,8844
-2019,8845
-2025,8846
-2017,8847
-2014,8848
-2018,8849
-2014,8850
-2017,8851
-2016,8852
-2014,8853
-2015,8854
-2016,8855
-2000,8856
-2000,8857
-1993,8858
-1999,8859
-2001,8860
-2002,8861
-1999,8862
-1996,8863
-2000,8864
-2000,8865
-2002,8866
-2010,8867
-2010,8868
-2014,8869
-2014,8870
-2016,8871
-2011,8872
-2010,8873
-2009,8874
-2013,8875
-2010,8876
-2009,8877
-2007,8878
-2004,8879
-1997,8880
-1999,8881
-2002,8882
-2002,8883
-2002,8884
-2000,8885
-1998,8886
-1996,8887
-1999,8888
-2002,8889
-2005,8890
-2002,8891
-2002,8892
-2004,8893
-2005,8894
-2005,8895
-2003,8896
-2002,8897
-2000,8898
-2002,8899
-2001,8900
-2000,8901
-1999,8902
-1999,8903
-1996,8904
-1997,8905
-2001,8906
-2002,8907
-2002,8908
-1999,8909
-1998,8910
-1996,8911
-1995,8912
-1998,8913
-1992,8914
-1993,8915
-1990,8916
-1992,8917
-1995,8918
-1992,8919
-1995,8920
-1991,8921
-1995,8922
-1997,8923
-1996,8924
-1996,8925
-1995,8926
-1996,8927
-1994,8928
-1993,8929
-1997,8930
-1995,8931
-1997,8932
-1995,8933
-1994,8934
-1995,8935
-1995,8936
-1995,8937
-1998,8938
-1995,8939
-1995,8940
-1995,8941
-1996,8942
-1996,8943
-1995,8944
-1997,8945
-1995,8946
-1996,8947
-1998,8948
-1998,8949
-2000,8950
-2000,8951
-2002,8952
-2001,8953
-2002,8954
-1999,8955
-1998,8956
-1999,8957
-1998,8958
-1999,8959
-2000,8960
-2001,8961
-2002,8962
-2002,8963
-2003,8964
-2004,8965
-2004,8966
-2005,8967
-2004,8968
-2004,8969
-2003,8970
-2002,8971
-2001,8972
-2000,8973
-2001,8974
-2000,8975
-2001,8976
-2003,8977
-2003,8978
-2005,8979
-2005,8980
-2005,8981
-2006,8982
-2006,8983
-2006,8984
-2006,8985
-2005,8986
-2004,8987
-2003,8988
-2003,8989
-2005,8990
-2005,8991
-2004,8992
-2005,8993
-2005,8994
-2005,8995
-2005,8996
-2006,8997
-2005,8998
-2005,8999
-2006,9000
-2006,9001
-2006,9002
-2006,9003
-2005,9004
-2006,9005
-2006,9006
-2005,9007
-2006,9008
-2006,9009
-2005,9010
-2005,9011
-2004,9012
-2005,9013
-2004,9014
-2004,9015
-2004,9016
-2005,9017
-2005,9018
-2005,9019
-2004,9020
-2006,9021
-2006,9022
-2006,9023
-2005,9024
-2005,9025
-2005,9026
-2004,9027
-2004,9028
-2004,9029
-2004,9030
-2005,9031
-2005,9032
-2004,9033
-2005,9034
-2006,9035
-2005,9036
-2006,9037
-2005,9038
-2005,9039
-2005,9040
-2004,9041
-2004,9042
-2003,9043
-2003,9044
-2003,9045
-2004,9046
-2004,9047
-2005,9048
-2005,9049
-2006,9050
-2005,9051
-2005,9052
-2004,9053
-2005,9054
