Numero,Vibration
1,-2004
2,-2004
3,-2004
4,-2004
5,-2004
6,-2004
7,-2004
8,-2004
9,-2004
10,-2004
11,-2004
12,-2004
13,-2004
14,-2004
15,-2004
16,-2004
17,-2004
18,-2005
19,-2004
20,-2004
21,-2004
22,-2004
23,-2004
24,-2004
25,-2004
26,-2003
27,-2003
28,-2003
29,-2003
30,-2003
31,-2003
32,-2003
33,-2003
34,-2003
35,-2003
36,-2004
37,-2004
38,-2004
39,-2004
40,-2004
41,-2004
42,-2004
43,-2005
44,-2005
45,-2005
46,-2004
47,-2004
48,-2004
49,-2004
50,-2004
51,-2004
52,-2004
53,-2004
54,-2004
55,-2004
56,-2004
57,-2005
58,-2004
59,-2004
60,-2004
61,-2004
62,-2004
63,-2004
64,-2004
65,-2004
66,-2004
67,-2004
68,-2004
69,-2004
70,-2004
71,-2004
72,-2004
73,-2004
74,-2005
75,-2005
76,-2005
77,-2005
78,-2005
79,-2005
80,-2005
81,-2005
82,-2005
83,-2005
84,-2005
85,-2005
86,-2004
87,-2005
88,-2005
89,-2005
90,-2005
91,-2005
92,-2005
93,-2004
94,-2004
95,-2004
96,-2005
97,-2005
98,-2005
99,-2004
100,-2004
101,-2004
102,-2004
103,-2003
104,-2004
105,-2003
106,-2003
107,-2003
108,-2003
109,-2003
110,-2003
111,-2003
112,-2003
113,-2003
114,-2003
115,-2003
116,-2003
117,-2003
118,-2003
119,-2003
120,-2003
121,-2003
122,-2003
123,-2003
124,-2002
125,-2003
126,-2002
127,-2002
128,-2003
129,-2002
130,-2002
131,-2001
132,-2002
133,-2002
134,-2002
135,-2002
136,-2002
137,-2001
138,-2001
139,-2001
140,-2001
141,-2001
142,-2000
143,-2000
144,-2000
145,-2001
146,-2000
147,-2000
148,-2000
149,-2000
150,-2000
151,-2000
152,-2001
153,-2000
154,-2000
155,-2001
156,-2001
157,-2001
158,-2001
159,-2001
160,-2001
161,-2002
162,-2001
163,-2002
164,-2002
165,-2002
166,-2002
167,-2002
168,-2002
169,-2002
170,-2001
171,-2001
172,-2001
173,-2001
174,-2001
175,-2001
176,-2001
177,-2001
178,-2001
179,-2001
180,-2001
181,-2001
182,-2001
183,-2000
184,-2000
185,-2000
186,-2001
187,-2002
188,-2002
189,-2002
190,-2002
191,-2002
192,-2002
193,-2001
194,-2001
195,-2001
196,-2002
197,-2002
198,-2002
199,-2002
200,-2002
201,-2002
202,-2002
203,-2003
204,-2003
205,-2003
206,-2003
207,-2002
208,-2003
209,-2002
210,-2002
211,-2002
212,-2002
213,-2002
214,-2002
215,-2002
216,-2002
217,-2002
218,-2002
219,-2002
220,-2002
221,-2003
222,-2003
223,-2002
224,-2003
225,-2002
226,-2002
227,-2002
228,-2003
229,-2003
230,-2003
231,-2004
232,-2004
233,-2004
234,-2004
235,-2004
236,-2003
237,-2003
238,-2003
239,-2002
240,-2002
241,-2002
242,-2002
243,-2003
244,-2003
245,-2004
246,-2003
247,-2003
248,-2003
249,-2003
250,-2003
251,-2002
252,-2002
253,-2002
254,-2002
255,-2001
256,-2001
257,-2002
258,-2001
259,-2002
260,-2002
261,-2002
262,-2003
263,-2003
264,-2003
265,-2004
266,-2004
267,-2003
268,-2003
269,-2003
270,-2004
271,-2004
272,-2004
273,-2005
274,-2005
275,-2004
276,-2004
277,-2004
278,-2004
279,-2003
280,-2003
281,-2003
282,-2002
283,-2002
284,-2003
285,-2003
286,-2003
287,-2003
288,-2003
289,-2003
290,-2003
291,-2004
292,-2004
293,-2005
294,-2005
295,-2004
296,-2005
297,-2004
298,-2004
299,-2003
300,-2003
301,-2005
302,-2004
303,-2004
304,-2003
305,-2004
306,-2008
307,-2008
308,-2011
309,-2013
310,-2011
311,-2012
312,-2009
313,-2010
314,-2010
315,-2009
316,-2011
317,-2011
318,-2012
319,-2012
320,-2012
321,-2013
322,-2011
323,-2010
324,-2010
325,-2012
326,-2013
327,-2014
328,-2012
329,-2011
330,-2010
331,-2011
332,-2013
333,-2014
334,-2013
335,-2010
336,-2013
337,-2014
338,-2015
339,-2013
340,-2014
341,-2011
342,-2007
343,-2009
344,-2008
345,-2009
346,-2008
347,-2006
348,-2007
349,-2006
350,-2008
351,-2005
352,-2006
353,-2006
354,-2004
355,-2005
356,-2015
357,-2015
358,-2029
359,-2024
360,-2029
361,-2033
362,-2032
363,-2031
364,-2035
365,-2038
366,-2033
367,-2037
368,-2037
369,-2037
370,-2036
371,-2036
372,-2038
373,-2037
374,-2037
375,-2039
376,-2042
377,-2041
378,-2041
379,-2041
380,-2039
381,-2042
382,-2038
383,-2035
384,-2040
385,-2042
386,-2040
387,-2040
388,-2038
389,-2042
390,-2039
391,-2031
392,-2028
393,-2028
394,-2024
395,-2018
396,-2017
397,-2050
398,-2061
399,-2071
400,-2071
401,-2072
402,-2068
403,-2065
404,-2073
405,-2072
406,-2061
407,-2061
408,-2045
409,-2059
410,-2035
411,-2021
412,-2022
413,-2024
414,-2018
415,-2017
416,-2024
417,-2025
418,-2027
419,-2033
420,-2033
421,-2034
422,-2035
423,-2025
424,-2026
425,-2015
426,-2011
427,-2014
428,-2011
429,-2014
430,-2019
431,-2002
432,-2014
433,-2007
434,-2011
435,-2010
436,-2005
437,-2004
438,-1966
439,-1981
440,-1993
441,-1996
442,-1996
443,-1993
444,-1992
445,-1991
446,-1962
447,-1956
448,-1943
449,-1939
450,-1950
451,-1915
452,-1925
453,-1920
454,-1895
455,-1921
456,-1928
457,-1938
458,-1927
459,-1945
460,-1952
461,-1959
462,-1935
463,-1945
464,-1938
465,-1930
466,-1948
467,-1957
468,-1966
469,-1958
470,-1969
471,-1963
472,-1971
473,-1973
474,-2012
475,-2055
476,-2008
477,-2015
478,-2009
479,-2016
480,-2007
481,-2004
482,-2005
483,-1996
484,-1985
485,-1997
486,-2001
487,-2019
488,-2017
489,-2056
490,-2064
491,-2069
492,-2085
493,-2030
494,-2037
495,-2054
496,-2043
497,-2038
498,-2020
499,-2023
500,-2049
501,-2043
502,-2044
503,-2019
504,-1989
505,-2003
506,-2018
507,-2027
508,-2007
509,-2007
510,-2003
511,-1981
512,-1963
513,-1958
514,-1942
515,-1965
516,-1943
517,-1940
518,-1948
519,-1943
520,-1946
521,-1956
522,-1962
523,-1952
524,-1898
525,-1887
526,-1945
527,-1900
528,-1949
529,-1978
530,-1975
531,-1991
532,-2014
533,-1994
534,-1994
535,-1996
536,-1988
537,-1982
538,-1964
539,-1957
540,-1965
541,-2000
542,-1986
543,-1961
544,-1979
545,-1985
546,-2003
547,-2000
548,-2009
549,-2013
550,-2014
551,-2039
552,-2054
553,-2078
554,-2077
555,-2069
556,-2076
557,-2065
558,-2053
559,-2065
560,-2075
561,-2077
562,-2069
563,-2054
564,-2082
565,-2084
566,-2087
567,-2087
568,-2081
569,-2073
570,-2068
571,-2091
572,-2108
573,-2116
574,-2086
575,-2112
576,-2078
577,-2076
578,-2078
579,-2047
580,-2053
581,-2056
582,-2052
583,-2046
584,-2066
585,-2048
586,-2053
587,-2072
588,-2075
589,-2075
590,-2068
591,-2058
592,-2064
593,-2071
594,-2047
595,-2050
596,-2049
597,-2042
598,-2027
599,-2026
600,-2041
601,-2038
602,-2046
603,-2043
604,-2013
605,-2018
606,-2032
607,-2034
608,-2038
609,-2046
610,-2050
611,-2070
612,-2089
613,-2082
614,-2076
615,-2078
616,-2064
617,-2079
618,-2084
619,-2077
620,-2100
621,-2114
622,-2102
623,-2104
624,-2104
625,-2073
626,-2077
627,-2108
628,-2105
629,-2111
630,-2110
631,-2127
632,-2135
633,-2122
634,-2081
635,-2105
636,-2100
637,-2091
638,-2139
639,-2163
640,-2167
641,-2179
642,-2182
643,-2161
644,-2186
645,-2188
646,-2196
647,-2205
648,-2215
649,-2168
650,-2121
651,-2133
652,-2119
653,-2082
654,-2093
655,-2084
656,-2076
657,-2127
658,-2130
659,-2098
660,-2105
661,-2099
662,-2083
663,-2117
664,-2135
665,-2142
666,-2157
667,-2150
668,-2140
669,-2139
670,-2090
671,-2063
672,-2079
673,-2067
674,-2067
675,-2109
676,-2103
677,-2096
678,-2098
679,-2099
680,-2102
681,-2082
682,-2068
683,-2085
684,-2119
685,-2094
686,-2112
687,-2118
688,-2067
689,-2056
690,-2065
691,-2054
692,-2045
693,-2055
694,-2051
695,-2031
696,-2027
697,-2000
698,-1965
699,-2020
700,-2080
701,-2048
702,-2090
703,-2121
704,-2146
705,-2126
706,-2102
707,-2025
708,-2007
709,-2021
710,-1976
711,-1973
712,-2007
713,-1996
714,-1954
715,-1917
716,-1914
717,-1892
718,-1944
719,-1963
720,-1973
721,-1973
722,-1928
723,-1936
724,-1907
725,-1850
726,-1893
727,-1894
728,-1912
729,-1877
730,-1885
731,-1905
732,-1880
733,-1888
734,-1870
735,-1879
736,-1872
737,-1850
738,-1829
739,-1825
740,-1853
741,-1897
742,-1903
743,-1918
744,-1961
745,-1927
746,-1933
747,-1942
748,-1973
749,-1971
750,-1923
751,-1922
752,-1897
753,-1887
754,-1869
755,-1919
756,-1980
757,-2055
758,-2051
759,-2048
760,-2065
761,-2078
762,-2039
763,-2003
764,-2009
765,-2039
766,-2060
767,-2103
768,-2063
769,-2063
770,-2079
771,-2081
772,-2126
773,-2136
774,-2179
775,-2249
776,-2217
777,-2221
778,-2215
779,-2256
780,-2267
781,-2229
782,-2259
783,-2251
784,-2251
785,-2237
786,-2227
787,-2245
788,-2265
789,-2260
790,-2225
791,-2176
792,-2177
793,-2154
794,-2123
795,-2187
796,-2179
797,-2205
798,-2198
799,-2179
800,-2211
801,-2252
802,-2220
803,-2223
804,-2227
805,-2190
806,-2163
807,-2102
808,-2123
809,-2164
810,-2178
811,-2153
812,-2169
813,-2190
814,-2213
815,-2207
816,-2188
817,-2158
818,-2144
819,-2126
820,-2098
821,-2088
822,-2076
823,-2074
824,-2057
825,-2034
826,-2025
827,-2022
828,-2016
829,-2024
830,-2033
831,-2041
832,-2043
833,-2041
834,-2059
835,-2036
836,-2049
837,-1993
838,-1957
839,-1995
840,-1997
841,-2003
842,-2018
843,-2022
844,-1991
845,-1969
846,-1971
847,-1945
848,-1962
849,-1972
850,-1960
851,-1955
852,-1954
853,-1960
854,-1962
855,-1976
856,-1979
857,-1988
858,-1983
859,-1986
860,-2054
861,-2021
862,-2065
863,-2065
864,-2028
865,-2005
866,-2018
867,-2008
868,-2016
869,-2035
870,-2058
871,-2038
872,-2064
873,-2059
874,-2073
875,-2066
876,-2077
877,-2097
878,-2089
879,-2111
880,-2029
881,-2078
882,-2123
883,-2055
884,-2107
885,-2175
886,-2169
887,-2191
888,-2238
889,-2197
890,-2182
891,-2197
892,-2198
893,-2207
894,-2246
895,-2257
896,-2265
897,-2285
898,-2261
899,-2265
900,-2279
901,-2277
902,-2296
903,-2303
904,-2311
905,-2300
906,-2304
907,-2310
908,-2309
909,-2286
910,-2228
911,-2263
912,-2208
913,-2223
914,-2245
915,-2270
916,-2266
917,-2276
918,-2281
919,-2255
920,-2257
921,-2303
922,-2260
923,-2269
924,-2253
925,-2247
926,-2238
927,-2211
928,-2207
929,-2172
930,-2218
931,-2165
932,-2088
933,-2163
934,-2069
935,-2029
936,-2006
937,-2008
938,-2009
939,-2018
940,-2016
941,-2001
942,-1964
943,-1957
944,-1925
945,-1915
946,-1905
947,-1889
948,-1893
949,-1906
950,-1895
951,-1911
952,-1901
953,-1899
954,-1893
955,-1885
956,-1886
957,-1886
958,-1828
959,-1829
960,-1874
961,-1850
962,-1844
963,-1830
964,-1886
965,-1880
966,-1881
967,-1890
968,-1875
969,-1925
970,-1917
971,-1922
972,-1935
973,-1916
974,-1918
975,-1975
976,-1957
977,-1966
978,-1968
979,-1978
980,-2005
981,-2028
982,-2082
983,-2064
984,-2109
985,-2092
986,-2142
987,-2170
988,-2156
989,-2109
990,-2123
991,-2125
992,-2129
993,-2118
994,-2116
995,-2136
996,-2139
997,-2171
998,-2157
999,-2121
1000,-2105
1001,-2078
1002,-2083
1003,-2094
1004,-2123
1005,-2122
1006,-2125
1007,-2099
1008,-2189
1009,-2171
1010,-2131
1011,-2124
1012,-2108
1013,-2090
1014,-2061
1015,-2077
1016,-2053
1017,-2038
1018,-2049
1019,-2015
1020,-2033
1021,-2001
1022,-2020
1023,-2023
1024,-2026
1025,-1975
1026,-1990
1027,-1971
1028,-1978
1029,-1970
1030,-1943
1031,-1934
1032,-1901
1033,-1901
1034,-1893
1035,-1902
1036,-1866
1037,-1861
1038,-1869
1039,-1924
1040,-1928
1041,-1928
1042,-1942
1043,-1958
1044,-1963
1045,-1945
1046,-1942
1047,-1919
1048,-1935
1049,-1950
1050,-1968
1051,-1968
1052,-1972
1053,-1966
1054,-1934
1055,-1941
1056,-1903
1057,-1936
1058,-1918
1059,-1920
1060,-1915
1061,-1950
1062,-1983
1063,-2007
1064,-1989
1065,-1964
1066,-1985
1067,-1995
1068,-1993
1069,-1990
1070,-1970
1071,-1989
1072,-1988
1073,-2010
1074,-2014
1075,-2016
1076,-2000
1077,-2016
1078,-2007
1079,-1967
1080,-1979
1081,-1952
1082,-1945
1083,-1941
1084,-1951
1085,-1965
1086,-1967
1087,-1988
1088,-2019
1089,-1988
1090,-1986
1091,-1989
1092,-1968
1093,-1972
1094,-1984
1095,-1994
1096,-1996
1097,-2000
1098,-1997
1099,-2032
1100,-2089
1101,-2126
1102,-2055
1103,-2066
1104,-2107
1105,-2073
1106,-2048
1107,-2061
1108,-2021
1109,-2058
1110,-2099
1111,-2082
1112,-2033
1113,-1981
1114,-1972
1115,-1993
1116,-1993
1117,-1967
1118,-1955
1119,-1950
1120,-1987
1121,-1941
1122,-1928
1123,-1933
1124,-1935
1125,-1919
1126,-1962
1127,-1953
1128,-2003
1129,-2017
1130,-2042
1131,-2062
1132,-2052
1133,-2074
1134,-2064
1135,-2062
1136,-2077
1137,-2068
1138,-2026
1139,-2031
1140,-2041
1141,-2047
1142,-2058
1143,-2048
1144,-2049
1145,-2046
1146,-2041
1147,-2045
1148,-2048
1149,-2026
1150,-1972
1151,-1923
1152,-1988
1153,-1967
1154,-1936
1155,-1980
1156,-2028
1157,-2011
1158,-2034
1159,-2020
1160,-1976
1161,-1992
1162,-2037
1163,-2097
1164,-2112
1165,-2110
1166,-2092
1167,-2110
1168,-2128
1169,-2116
1170,-2083
1171,-2121
1172,-2118
1173,-2103
1174,-2108
1175,-2111
1176,-2087
1177,-2103
1178,-2049
1179,-2114
1180,-2079
1181,-2068
1182,-2077
1183,-2059
1184,-2060
1185,-2050
1186,-2034
1187,-2021
1188,-2027
1189,-2060
1190,-2056
1191,-2049
1192,-2055
1193,-2047
1194,-2043
1195,-2036
1196,-2027
1197,-2018
1198,-2010
1199,-2006
1200,-1996
1201,-2009
1202,-2026
1203,-2014
1204,-2015
1205,-2004
1206,-2009
1207,-2003
1208,-2016
1209,-2000
1210,-2007
1211,-2007
1212,-1997
1213,-1990
1214,-1983
1215,-1979
1216,-1981
1217,-2003
1218,-2004
1219,-2003
1220,-2005
1221,-2006
1222,-2014
1223,-1993
1224,-1992
1225,-2008
1226,-2018
1227,-1991
1228,-2002
1229,-1977
1230,-1986
1231,-1984
1232,-1987
1233,-1989
1234,-1983
1235,-1989
1236,-1990
1237,-1988
1238,-1990
1239,-1970
1240,-1973
1241,-1962
1242,-1950
1243,-1954
1244,-1949
1245,-1947
1246,-1968
1247,-1967
1248,-1975
1249,-1972
1250,-1976
1251,-1985
1252,-1965
1253,-1993
1254,-1983
1255,-1987
1256,-1978
1257,-1983
1258,-1978
1259,-2003
1260,-1990
1261,-1971
1262,-1985
1263,-1980
1264,-1982
1265,-1967
1266,-1974
1267,-1950
1268,-1946
1269,-1951
1270,-1969
1271,-1969
1272,-1978
1273,-2002
1274,-1984
1275,-1985
1276,-1965
1277,-1980
1278,-1978
1279,-1957
1280,-1946
1281,-1968
1282,-1974
1283,-1981
1284,-1985
1285,-1980
1286,-1988
1287,-1985
1288,-1970
1289,-1977
1290,-1974
1291,-1996
1292,-2009
1293,-2000
1294,-2016
1295,-2018
1296,-2016
1297,-2023
1298,-2021
1299,-2019
1300,-2058
1301,-2050
1302,-2039
1303,-2021
1304,-2025
1305,-2023
1306,-2026
1307,-2021
1308,-2044
1309,-1999
1310,-2004
1311,-2034
1312,-2023
1313,-2022
1314,-2024
1315,-2037
1316,-2049
1317,-2068
1318,-2058
1319,-2069
1320,-2049
1321,-2035
1322,-2029
1323,-2019
1324,-2027
1325,-2044
1326,-2041
1327,-2043
1328,-2048
1329,-2055
1330,-2066
1331,-2062
1332,-2065
1333,-2081
1334,-2069
1335,-2069
1336,-2072
1337,-2090
1338,-2109
1339,-2092
1340,-2087
1341,-2080
1342,-2083
1343,-2090
1344,-2074
1345,-2090
1346,-2094
1347,-2100
1348,-2100
1349,-2119
1350,-2076
1351,-2084
1352,-2106
1353,-2112
1354,-2102
1355,-2106
1356,-2098
1357,-2113
1358,-2093
1359,-2113
1360,-2115
1361,-2086
1362,-2087
1363,-2099
1364,-2089
1365,-2108
1366,-2101
1367,-2089
1368,-2105
1369,-2105
1370,-2100
1371,-2118
1372,-2119
1373,-2114
1374,-2128
1375,-2113
1376,-2124
1377,-2136
1378,-2123
1379,-2146
1380,-2152
1381,-2149
1382,-2155
1383,-2141
1384,-2145
1385,-2152
1386,-2137
1387,-2130
1388,-2130
1389,-2143
1390,-2147
1391,-2139
1392,-2128
1393,-2133
1394,-2132
1395,-2127
1396,-2113
1397,-2107
1398,-2123
1399,-2088
1400,-2082
1401,-2071
1402,-2058
1403,-2064
1404,-2075
1405,-2073
1406,-2084
1407,-2061
1408,-2071
1409,-2076
1410,-2075
1411,-2091
1412,-2039
1413,-2102
1414,-2095
1415,-2061
1416,-2063
1417,-2073
1418,-2051
1419,-2069
1420,-2086
1421,-2076
1422,-2088
1423,-2094
1424,-2077
1425,-2069
1426,-2057
1427,-2032
1428,-2045
1429,-2033
1430,-2020
1431,-2039
1432,-2038
1433,-2023
1434,-2021
1435,-2030
1436,-2034
1437,-2046
1438,-2024
1439,-2017
1440,-2017
1441,-2010
1442,-2024
1443,-2027
1444,-2011
1445,-2004
1446,-2014
1447,-2023
1448,-2015
1449,-2019
1450,-2022
1451,-2036
1452,-2044
1453,-2031
1454,-2029
1455,-2048
1456,-2026
1457,-2037
1458,-2045
1459,-2030
1460,-2028
1461,-2026
1462,-2085
1463,-2017
1464,-2034
1465,-2057
1466,-2049
1467,-2041
1468,-2045
1469,-2039
1470,-2014
1471,-2024
1472,-2013
1473,-2008
1474,-2003
1475,-2022
1476,-2034
1477,-2042
1478,-2025
1479,-2018
1480,-2024
1481,-2003
1482,-2000
1483,-2031
1484,-2026
1485,-2027
1486,-2014
1487,-1991
1488,-1996
1489,-1990
1490,-2002
1491,-1997
1492,-1976
1493,-1955
1494,-1986
1495,-1964
1496,-1948
1497,-1920
1498,-1915
1499,-1919
1500,-1924
1501,-1919
1502,-1920
1503,-1933
1504,-1932
1505,-1915
1506,-1921
1507,-1923
1508,-1913
1509,-1949
1510,-1986
1511,-2006
1512,-1987
1513,-1984
1514,-1977
1515,-1952
1516,-1959
1517,-1950
1518,-1950
1519,-1948
1520,-1967
1521,-1963
1522,-1953
1523,-1958
1524,-1959
1525,-1950
1526,-1955
1527,-1951
1528,-1943
1529,-1943
1530,-1931
1531,-1940
1532,-1930
1533,-1919
1534,-1913
1535,-1910
1536,-1920
1537,-1926
1538,-1928
1539,-1926
1540,-1915
1541,-1933
1542,-1937
1543,-1960
1544,-1953
1545,-1978
1546,-1982
1547,-2001
1548,-2016
1549,-2026
1550,-2022
1551,-2004
1552,-2019
1553,-2003
1554,-1983
1555,-1976
1556,-1977
1557,-1967
1558,-1961
1559,-1936
1560,-1896
1561,-1880
1562,-1878
1563,-1880
1564,-1899
1565,-1923
1566,-1923
1567,-1916
1568,-1923
1569,-1917
1570,-1927
1571,-1922
1572,-1910
1573,-1912
1574,-1917
1575,-1914
1576,-1909
1577,-1911
1578,-1925
1579,-1935
1580,-1960
1581,-1956
1582,-1982
1583,-1979
1584,-1992
1585,-1981
1586,-1969
1587,-1979
1588,-1981
1589,-1969
1590,-1970
1591,-1973
1592,-1999
1593,-2003
1594,-2007
1595,-2000
1596,-2004
1597,-1991
1598,-1979
1599,-1985
1600,-2001
1601,-2035
1602,-2018
1603,-2027
1604,-2044
1605,-2055
1606,-2049
1607,-2069
1608,-2096
1609,-2089
1610,-2123
1611,-2127
1612,-2141
1613,-2159
1614,-2159
1615,-2132
1616,-2130
1617,-2144
1618,-2139
1619,-2139
1620,-2128
1621,-2144
1622,-2162
1623,-2138
1624,-2131
1625,-2126
1626,-2113
1627,-2116
1628,-2114
1629,-2084
1630,-2048
1631,-2048
1632,-2025
1633,-2010
1634,-1988
1635,-1998
1636,-2045
1637,-2055
1638,-2050
1639,-2080
1640,-2071
1641,-2045
1642,-2022
1643,-2018
1644,-2006
1645,-2019
1646,-2007
1647,-2022
1648,-2012
1649,-1985
1650,-1966
1651,-1950
1652,-1922
1653,-1936
1654,-1964
1655,-1982
1656,-1976
1657,-1975
1658,-1973
1659,-1924
1660,-1929
1661,-1871
1662,-1868
1663,-1897
1664,-1870
1665,-1889
1666,-1906
1667,-1891
1668,-1878
1669,-1878
1670,-1887
1671,-1907
1672,-1885
1673,-1891
1674,-1908
1675,-1936
1676,-1934
1677,-1887
1678,-1908
1679,-1914
1680,-1918
1681,-1881
1682,-1884
1683,-1904
1684,-1897
1685,-1904
1686,-1921
1687,-1908
1688,-1932
1689,-1933
1690,-1874
1691,-1931
1692,-1907
1693,-1925
1694,-1954
1695,-1944
1696,-1939
1697,-1978
1698,-1981
1699,-1991
1700,-2012
1701,-1998
1702,-1975
1703,-1985
1704,-1987
1705,-1998
1706,-1994
1707,-2053
1708,-2061
1709,-2103
1710,-2064
1711,-2039
1712,-2033
1713,-2008
1714,-2056
1715,-2089
1716,-2108
1717,-2135
1718,-2137
1719,-2127
1720,-2122
1721,-2112
1722,-2114
1723,-2114
1724,-2110
1725,-2156
1726,-2140
1727,-2156
1728,-2145
1729,-2143
1730,-2160
1731,-2168
1732,-2160
1733,-2151
1734,-2160
1735,-2184
1736,-2166
1737,-2197
1738,-2189
1739,-2162
1740,-2188
1741,-2152
1742,-2132
1743,-2136
1744,-2097
1745,-2073
1746,-2065
1747,-2048
1748,-2015
1749,-2005
1750,-1988
1751,-1974
1752,-1999
1753,-1986
1754,-1926
1755,-1909
1756,-1942
1757,-1968
1758,-1946
1759,-1944
1760,-1929
1761,-1913
1762,-1961
1763,-1961
1764,-1938
1765,-1956
1766,-1957
1767,-1946
1768,-1923
1769,-1935
1770,-1976
1771,-1976
1772,-1952
1773,-1914
1774,-1903
1775,-1869
1776,-1891
1777,-1909
1778,-1901
1779,-1874
1780,-1876
1781,-1916
1782,-1944
1783,-1924
1784,-1919
1785,-1878
1786,-1870
1787,-1834
1788,-1817
1789,-1810
1790,-1827
1791,-1797
1792,-1838
1793,-1808
1794,-1819
1795,-1847
1796,-1854
1797,-1830
1798,-1873
1799,-1882
1800,-1872
1801,-1886
1802,-1893
1803,-1927
1804,-1988
1805,-2027
1806,-2044
1807,-2048
1808,-2029
1809,-1988
1810,-2005
1811,-2032
1812,-2002
1813,-2003
1814,-1962
1815,-1925
1816,-1908
1817,-1896
1818,-1900
1819,-1901
1820,-1881
1821,-1854
1822,-1870
1823,-1874
1824,-1886
1825,-1929
1826,-1924
1827,-1889
1828,-1917
1829,-1953
1830,-1968
1831,-1913
1832,-1907
1833,-1933
1834,-1944
1835,-1965
1836,-1962
1837,-1990
1838,-1994
1839,-2018
1840,-2023
1841,-2047
1842,-2030
1843,-2056
1844,-2081
1845,-2077
1846,-2063
1847,-2056
1848,-2018
1849,-2000
1850,-2009
1851,-2006
1852,-2012
1853,-1989
1854,-1974
1855,-1900
1856,-1864
1857,-1838
1858,-1827
1859,-1852
1860,-1867
1861,-1866
1862,-1871
1863,-1882
1864,-1895
1865,-1910
1866,-1901
1867,-1890
1868,-1888
1869,-1888
1870,-1889
1871,-1954
1872,-1980
1873,-1991
1874,-2001
1875,-1993
1876,-1982
1877,-2004
1878,-2003
1879,-1987
1880,-1972
1881,-2020
1882,-2032
1883,-2011
1884,-1989
1885,-1977
1886,-1991
1887,-1980
1888,-1981
1889,-1969
1890,-1982
1891,-1967
1892,-1972
1893,-1969
1894,-1968
1895,-1980
1896,-1976
1897,-1998
1898,-2025
1899,-2025
1900,-2018
1901,-2024
1902,-2012
1903,-1995
1904,-1996
1905,-2019
1906,-2028
1907,-2060
1908,-2097
1909,-2090
1910,-2105
1911,-2112
1912,-2113
1913,-2102
1914,-2084
1915,-2055
1916,-2052
1917,-2047
1918,-2056
1919,-2031
1920,-2014
1921,-1992
1922,-2000
1923,-1990
1924,-1969
1925,-1969
1926,-1987
1927,-1983
1928,-1961
1929,-1989
1930,-1986
1931,-1974
1932,-1950
1933,-1983
1934,-1999
1935,-1986
1936,-1997
1937,-1994
1938,-1978
1939,-1949
1940,-1926
1941,-1899
1942,-1890
1943,-1869
1944,-1836
1945,-1825
1946,-1847
1947,-1828
1948,-1821
1949,-1841
1950,-1826
1951,-1841
1952,-1840
1953,-1858
1954,-1865
1955,-1883
1956,-1888
1957,-1847
1958,-1865
1959,-1876
1960,-1879
1961,-1869
1962,-1851
1963,-1841
1964,-1874
1965,-1896
1966,-1909
1967,-1921
1968,-1903
1969,-1927
1970,-1948
1971,-1950
1972,-1929
1973,-1921
1974,-1927
1975,-1913
1976,-1904
1977,-1891
1978,-1888
1979,-1879
1980,-1863
1981,-1856
1982,-1872
1983,-1873
1984,-1819
1985,-1791
1986,-1778
1987,-1778
1988,-1758
1989,-1758
1990,-1793
1991,-1802
1992,-1809
1993,-1823
1994,-1834
1995,-1800
1996,-1807
1997,-1823
1998,-1836
1999,-1807
2000,-1820
2001,-1812
2002,-1777
2003,-1785
2004,-1839
2005,-1856
2006,-1855
2007,-1861
2008,-1837
2009,-1807
2010,-1805
2011,-1794
2012,-1830
2013,-1863
2014,-1856
2015,-1847
2016,-1926
2017,-1930
2018,-1908
2019,-1890
2020,-1860
2021,-1899
2022,-1917
2023,-1960
2024,-1985
2025,-1894
2026,-1903
2027,-1858
2028,-1887
2029,-1877
2030,-1840
2031,-1852
2032,-1813
2033,-1752
2034,-1818
2035,-1896
2036,-1911
2037,-1885
2038,-1937
2039,-1980
2040,-1955
2041,-1963
2042,-1963
2043,-1937
2044,-1973
2045,-1994
2046,-1980
2047,-2001
2048,-1998
2049,-2007
2050,-2017
2051,-1984
2052,-1997
2053,-2008
2054,-1949
2055,-1931
2056,-1892
2057,-1938
2058,-1923
2059,-1872
2060,-1847
2061,-1753
2062,-1757
2063,-1716
2064,-1747
2065,-1803
2066,-1715
2067,-1692
2068,-1747
2069,-1767
2070,-1791
2071,-1722
2072,-1668
2073,-1704
2074,-1673
2075,-1809
2076,-1774
2077,-1784
2078,-1795
2079,-1798
2080,-1830
2081,-1830
2082,-1900
2083,-1945
2084,-1921
2085,-1862
2086,-1854
2087,-1844
2088,-1852
2089,-1852
2090,-1833
2091,-1852
2092,-1820
2093,-1831
2094,-1838
2095,-1841
2096,-1828
2097,-1833
2098,-1834
2099,-1833
2100,-1831
2101,-1864
2102,-1876
2103,-1851
2104,-1895
2105,-1916
2106,-1948
2107,-1913
2108,-1911
2109,-1977
2110,-1991
2111,-2093
2112,-2066
2113,-2098
2114,-2045
2115,-2021
2116,-2052
2117,-2065
2118,-2043
2119,-2027
2120,-2018
2121,-2066
2122,-2107
2123,-2072
2124,-2109
2125,-2080
2126,-2104
2127,-2150
2128,-2126
2129,-2149
2130,-2168
2131,-2155
2132,-2077
2133,-2044
2134,-2082
2135,-2088
2136,-2157
2137,-2210
2138,-2224
2139,-2224
2140,-2240
2141,-2211
2142,-2268
2143,-2279
2144,-2224
2145,-2248
2146,-2252
2147,-2211
2148,-2193
2149,-2193
2150,-2200
2151,-2215
2152,-2210
2153,-2216
2154,-2152
2155,-2146
2156,-2172
2157,-2177
2158,-2206
2159,-2203
2160,-2236
2161,-2209
2162,-2193
2163,-2179
2164,-2174
2165,-2113
2166,-2116
2167,-2148
2168,-2166
2169,-2135
2170,-2133
2171,-2077
2172,-2064
2173,-2038
2174,-2016
2175,-1977
2176,-1996
2177,-1971
2178,-1964
2179,-1943
2180,-1935
2181,-1933
2182,-1978
2183,-2025
2184,-1989
2185,-2021
2186,-1941
2187,-1935
2188,-1892
2189,-1875
2190,-1881
2191,-1899
2192,-1836
2193,-1855
2194,-1873
2195,-1867
2196,-1897
2197,-1917
2198,-1938
2199,-1931
2200,-1922
2201,-1883
2202,-1901
2203,-1897
2204,-1907
2205,-1880
2206,-1868
2207,-1871
2208,-1869
2209,-1901
2210,-1856
2211,-1863
2212,-1877
2213,-1871
2214,-1884
2215,-1944
2216,-1940
2217,-1921
2218,-1913
2219,-1938
2220,-1923
2221,-1967
2222,-1990
2223,-2027
2224,-2028
2225,-2058
2226,-2041
2227,-2044
2228,-2028
2229,-2007
2230,-2009
2231,-2043
2232,-2046
2233,-2038
2234,-2049
2235,-2019
2236,-2031
2237,-2095
2238,-2095
2239,-2137
2240,-2123
2241,-2103
2242,-2127
2243,-2116
2244,-2123
2245,-2127
2246,-2120
2247,-2135
2248,-2143
2249,-2137
2250,-2121
2251,-2124
2252,-2088
2253,-2068
2254,-2110
2255,-2144
2256,-2096
2257,-2076
2258,-2068
2259,-2031
2260,-2048
2261,-2044
2262,-2054
2263,-2078
2264,-2076
2265,-2057
2266,-2054
2267,-2043
2268,-2052
2269,-2058
2270,-2069
2271,-2074
2272,-2046
2273,-2016
2274,-2032
2275,-2021
2276,-2020
2277,-2038
2278,-2068
2279,-2087
2280,-2067
2281,-2046
2282,-2010
2283,-2019
2284,-2001
2285,-2023
2286,-2027
2287,-1971
2288,-1983
2289,-1964
2290,-1968
2291,-1992
2292,-2003
2293,-1967
2294,-1941
2295,-1949
2296,-1923
2297,-1908
2298,-1914
2299,-1924
2300,-1918
2301,-1996
2302,-2031
2303,-2084
2304,-2096
2305,-2074
2306,-2137
2307,-2165
2308,-2171
2309,-2273
2310,-2241
2311,-2224
2312,-2254
2313,-2232
2314,-2200
2315,-2227
2316,-2217
2317,-2205
2318,-2205
2319,-2190
2320,-2192
2321,-2160
2322,-2141
2323,-2122
2324,-2114
2325,-2100
2326,-2067
2327,-2049
2328,-2050
2329,-2025
2330,-2043
2331,-1999
2332,-2023
2333,-2005
2334,-2020
2335,-2020
2336,-1983
2337,-1955
2338,-1917
2339,-1901
2340,-1935
2341,-1897
2342,-1900
2343,-1974
2344,-1952
2345,-1934
2346,-1897
2347,-1887
2348,-1889
2349,-1890
2350,-1913
2351,-1881
2352,-1878
2353,-1860
2354,-1837
2355,-1835
2356,-1824
2357,-1814
2358,-1785
2359,-1701
2360,-1740
2361,-1788
2362,-1746
2363,-1769
2364,-1786
2365,-1783
2366,-1769
2367,-1774
2368,-1792
2369,-1818
2370,-1829
2371,-1866
2372,-1900
2373,-1910
2374,-1877
2375,-1875
2376,-1908
2377,-1931
2378,-1890
2379,-1921
2380,-1949
2381,-1989
2382,-1994
2383,-2028
2384,-2015
2385,-2041
2386,-2080
2387,-2090
2388,-2111
2389,-2104
2390,-2071
2391,-2103
2392,-2114
2393,-2072
2394,-2130
2395,-2164
2396,-2200
2397,-2190
2398,-2203
2399,-2176
2400,-2171
2401,-2118
2402,-2111
2403,-2096
2404,-2073
2405,-2092
2406,-2088
2407,-2127
2408,-2148
2409,-2156
2410,-2158
2411,-2165
2412,-2148
2413,-2143
2414,-2149
2415,-2114
2416,-2137
2417,-2147
2418,-2117
2419,-2119
2420,-2154
2421,-2131
2422,-2109
2423,-2111
2424,-2104
2425,-2082
2426,-2069
2427,-2075
2428,-2099
2429,-2120
2430,-2099
2431,-2074
2432,-2084
2433,-2023
2434,-2097
2435,-2043
2436,-1992
2437,-2023
2438,-2021
2439,-1980
2440,-1994
2441,-2007
2442,-1985
2443,-1986
2444,-1960
2445,-1901
2446,-1905
2447,-1929
2448,-1873
2449,-1903
2450,-1912
2451,-1880
2452,-1872
2453,-1901
2454,-1917
2455,-1955
2456,-1937
2457,-1894
2458,-1959
2459,-1958
2460,-1934
2461,-1926
2462,-1976
2463,-1977
2464,-1966
2465,-1984
2466,-1985
2467,-2028
2468,-2031
2469,-1986
2470,-1992
2471,-1993
2472,-2013
2473,-2024
2474,-2060
2475,-2090
2476,-2125
2477,-2103
2478,-2114
2479,-2113
2480,-2122
2481,-2130
2482,-2115
2483,-2153
2484,-2081
2485,-2107
2486,-2181
2487,-2156
2488,-2161
2489,-2162
2490,-2165
2491,-2157
2492,-2143
2493,-2090
2494,-2072
2495,-2110
2496,-2094
2497,-2061
2498,-2133
2499,-2110
2500,-2100
2501,-2160
2502,-2148
2503,-2117
2504,-2088
2505,-2020
2506,-2008
2507,-1978
2508,-1866
2509,-1839
2510,-1918
2511,-1905
2512,-1891
2513,-1934
2514,-1946
2515,-1922
2516,-1901
2517,-1810
2518,-1819
2519,-1942
2520,-1934
2521,-1932
2522,-1982
2523,-1978
2524,-1941
2525,-1981
2526,-1973
2527,-1907
2528,-1947
2529,-1955
2530,-1963
2531,-2007
2532,-1939
2533,-2003
2534,-1956
2535,-1962
2536,-1894
2537,-1911
2538,-1886
2539,-1933
2540,-1877
2541,-1889
2542,-1902
2543,-1930
2544,-1908
2545,-2299
2546,-2600
2547,-2744
2548,-2732
2549,-2712
2550,-2638
2551,-2661
2552,-2823
2553,-2908
2554,-2967
2555,-3034
2556,-3056
2557,-3087
2558,-3121
2559,-3172
2560,-3124
2561,-3170
2562,-3120
2563,-3119
2564,-3222
2565,-3247
2566,-3273
2567,-3267
2568,-3232
2569,-3160
2570,-3068
2571,-3069
2572,-3034
2573,-3047
2574,-2998
2575,-2973
2576,-2919
2577,-2954
2578,-2927
2579,-2899
2580,-2876
2581,-2840
2582,-2918
2583,-2806
2584,-2853
2585,-2823
2586,-2823
2587,-2817
2588,-2860
2589,-2848
2590,-2894
2591,-2941
2592,-2987
2593,-3002
2594,-3063
2595,-2646
2596,-2349
2597,-2271
2598,-2249
2599,-2335
2600,-2440
2601,-2438
2602,-2295
2603,-2209
2604,-2124
2605,-2043
2606,-2081
2607,-2063
2608,-2035
2609,-1963
2610,-1930
2611,-1863
2612,-1868
2613,-1854
2614,-1744
2615,-1770
2616,-1720
2617,-1712
2618,-1736
2619,-1663
2620,-1672
2621,-1597
2622,-1561
2623,-1588
2624,-1699
2625,-1676
2626,-1720
2627,-1850
2628,-1846
2629,-1856
2630,-1825
2631,-1809
2632,-1814
2633,-1741
2634,-1701
2635,-1631
2636,-1774
2637,-1775
2638,-1689
2639,-1778
2640,-1838
2641,-1881
2642,-1812
2643,-1832
2644,-1828
2645,-1871
2646,-1806
2647,-1795
2648,-1722
2649,-1705
2650,-1706
2651,-1680
2652,-1697
2653,-1695
2654,-1750
2655,-1793
2656,-1729
2657,-1711
2658,-1741
2659,-1804
2660,-1826
2661,-1812
2662,-1825
2663,-1767
2664,-1785
2665,-1767
2666,-1787
2667,-1854
2668,-1832
2669,-1857
2670,-1903
2671,-1975
2672,-1995
2673,-1954
2674,-1927
2675,-1939
2676,-1914
2677,-1824
2678,-1826
2679,-1782
2680,-1857
2681,-1916
2682,-1901
2683,-2038
2684,-2057
2685,-2154
2686,-2164
2687,-2142
2688,-2198
2689,-2010
2690,-1978
2691,-1905
2692,-1897
2693,-1902
2694,-1897
2695,-1847
2696,-1907
2697,-1934
2698,-1955
2699,-1941
2700,-1854
2701,-1850
2702,-1857
2703,-1808
2704,-1793
2705,-1752
2706,-1712
2707,-1724
2708,-1776
2709,-1786
2710,-1817
2711,-1881
2712,-1925
2713,-1981
2714,-1982
2715,-1963
2716,-2002
2717,-1987
2718,-2012
2719,-2070
2720,-2074
2721,-2071
2722,-2071
2723,-2063
2724,-2024
2725,-2046
2726,-2023
2727,-1995
2728,-1956
2729,-2004
2730,-2019
2731,-1952
2732,-1959
2733,-1926
2734,-1967
2735,-1967
2736,-1840
2737,-1840
2738,-1857
2739,-1948
2740,-1939
2741,-1919
2742,-1952
2743,-1924
2744,-1899
2745,-1894
2746,-1922
2747,-1869
2748,-1904
2749,-1854
2750,-1879
2751,-1881
2752,-1862
2753,-1890
2754,-1912
2755,-1935
2756,-2019
2757,-2022
2758,-1961
2759,-1942
2760,-1896
2761,-1881
2762,-1842
2763,-1827
2764,-1847
2765,-1853
2766,-1843
2767,-1862
2768,-1869
2769,-1860
2770,-1855
2771,-1845
2772,-1852
2773,-1856
2774,-1890
2775,-1901
2776,-1937
2777,-1965
2778,-1973
2779,-1963
2780,-1933
2781,-1950
2782,-1933
2783,-1935
2784,-1905
2785,-1915
2786,-1909
2787,-1902
2788,-1897
2789,-1944
2790,-1929
2791,-1926
2792,-1955
2793,-1956
2794,-1917
2795,-1889
2796,-1893
2797,-1855
2798,-1841
2799,-1834
2800,-1887
2801,-1897
2802,-1911
2803,-1997
2804,-1940
2805,-1913
2806,-1885
2807,-1962
2808,-2005
2809,-1972
2810,-2004
2811,-1986
2812,-1985
2813,-1980
2814,-2015
2815,-2014
2816,-1975
2817,-1965
2818,-1976
2819,-1977
2820,-1992
2821,-2023
2822,-2008
2823,-1989
2824,-1963
2825,-1978
2826,-1979
2827,-1975
2828,-1990
2829,-1998
2830,-1953
2831,-1932
2832,-1904
2833,-1913
2834,-1919
2835,-1896
2836,-1872
2837,-1848
2838,-1849
2839,-1805
2840,-1812
2841,-1803
2842,-1803
2843,-1789
2844,-1870
2845,-1915
2846,-1908
2847,-1949
2848,-1997
2849,-2070
2850,-2044
2851,-2046
2852,-2031
2853,-1967
2854,-2026
2855,-2043
2856,-2063
2857,-1997
2858,-1964
2859,-1984
2860,-1946
2861,-1928
2862,-1944
2863,-1898
2864,-1824
2865,-1826
2866,-1879
2867,-1878
2868,-1862
2869,-1836
2870,-1826
2871,-1832
2872,-1838
2873,-1852
2874,-1847
2875,-1816
2876,-1802
2877,-1798
2878,-1799
2879,-1779
2880,-1778
2881,-1821
2882,-1844
2883,-1886
2884,-1880
2885,-1871
2886,-1924
2887,-1971
2888,-1982
2889,-1987
2890,-1994
2891,-1992
2892,-1993
2893,-1987
2894,-1973
2895,-1984
2896,-1964
2897,-1981
2898,-1944
2899,-1928
2900,-1928
2901,-1921
2902,-1921
2903,-1922
2904,-1905
2905,-1931
2906,-1900
2907,-1904
2908,-1934
2909,-1944
2910,-1951
2911,-1959
2912,-1963
2913,-1986
2914,-2006
2915,-2022
2916,-1973
2917,-1975
2918,-1982
2919,-2071
2920,-2043
2921,-1998
2922,-1994
2923,-1990
2924,-1997
2925,-2004
2926,-2006
2927,-2028
2928,-2014
2929,-2005
2930,-2010
2931,-1990
2932,-1946
2933,-1914
2934,-1965
2935,-1991
2936,-1977
2937,-1954
2938,-1952
2939,-1950
2940,-1938
2941,-1942
2942,-1910
2943,-1921
2944,-1896
2945,-1899
2946,-1936
2947,-1934
2948,-1964
2949,-1921
2950,-1881
2951,-1883
2952,-1861
2953,-1857
2954,-1872
2955,-1845
2956,-1871
2957,-1896
2958,-1876
2959,-1887
2960,-1888
2961,-1929
2962,-1943
2963,-1950
2964,-1948
2965,-1926
2966,-1955
2967,-1950
2968,-1942
2969,-1861
2970,-1900
2971,-1909
2972,-1909
2973,-1938
2974,-1959
2975,-1944
2976,-1959
2977,-1948
2978,-1974
2979,-1983
2980,-1997
2981,-1995
2982,-2042
2983,-2035
2984,-1984
2985,-1967
2986,-1974
2987,-1996
2988,-1979
2989,-1994
2990,-1955
2991,-1930
2992,-1910
2993,-1927
2994,-1923
2995,-1911
2996,-1898
2997,-1891
2998,-1864
2999,-1879
3000,-1966
3001,-1986
3002,-2069
3003,-2021
3004,-2011
3005,-2096
3006,-2105
3007,-2062
3008,-2045
3009,-2000
3010,-2054
3011,-1984
3012,-1956
3013,-1979
3014,-1998
3015,-1979
3016,-1960
3017,-1947
3018,-1942
3019,-1941
3020,-1920
3021,-1934
3022,-1957
3023,-1932
3024,-1926
3025,-1901
3026,-1888
3027,-1881
3028,-1877
3029,-1866
3030,-1860
3031,-1851
3032,-1857
3033,-1859
3034,-1896
3035,-1901
3036,-1900
3037,-1900
3038,-1925
3039,-1931
3040,-1981
3041,-2004
3042,-2037
3043,-2040
3044,-2052
3045,-2048
3046,-2057
3047,-2055
3048,-2059
3049,-2076
3050,-2018
3051,-1996
3052,-1953
3053,-1944
3054,-1933
3055,-1853
3056,-1810
3057,-1852
3058,-1880
3059,-1902
3060,-1864
3061,-1897
3062,-1907
3063,-1884
3064,-1853
3065,-1881
3066,-1923
3067,-1947
3068,-1983
3069,-2002
3070,-2031
3071,-2049
3072,-1992
3073,-2005
3074,-2005
3075,-2025
3076,-2045
3077,-2059
3078,-2048
3079,-2045
3080,-2037
3081,-2050
3082,-2048
3083,-2024
3084,-1996
3085,-2015
3086,-2017
3087,-2024
3088,-2013
3089,-2005
3090,-1984
3091,-1962
3092,-1944
3093,-1942
3094,-1935
3095,-1946
3096,-1923
3097,-1905
3098,-1907
3099,-1906
3100,-1912
3101,-1907
3102,-1893
3103,-1957
3104,-1980
3105,-2002
3106,-2034
3107,-2015
3108,-1994
3109,-2012
3110,-2007
3111,-2057
3112,-2048
3113,-2047
3114,-2087
3115,-2079
3116,-2040
3117,-2042
3118,-2006
3119,-1988
3120,-1964
3121,-1931
3122,-1968
3123,-1956
3124,-1968
3125,-2002
3126,-2006
3127,-1984
3128,-2000
3129,-2030
3130,-2053
3131,-2068
3132,-2089
3133,-2097
3134,-2105
3135,-2087
3136,-2081
3137,-2067
3138,-2073
3139,-2153
3140,-2223
3141,-2234
3142,-2202
3143,-2338
3144,-2236
3145,-2162
3146,-2211
3147,-2206
3148,-2117
3149,-2064
3150,-2090
3151,-2001
3152,-2049
3153,-2004
3154,-1943
3155,-1947
3156,-1935
3157,-1931
3158,-2003
3159,-1972
3160,-1946
3161,-1915
3162,-1902
3163,-1910
3164,-1910
3165,-1925
3166,-1931
3167,-1913
3168,-1895
3169,-1908
3170,-1933
3171,-1966
3172,-1957
3173,-1959
3174,-1979
3175,-1944
3176,-1929
3177,-1921
3178,-1909
3179,-1895
3180,-1885
3181,-1876
3182,-1867
3183,-1864
3184,-1861
3185,-1860
3186,-1839
3187,-1837
3188,-1801
3189,-1698
3190,-1650
3191,-1651
3192,-1684
3193,-1558
3194,-1661
3195,-1724
3196,-1694
3197,-1714
3198,-1790
3199,-1863
3200,-1840
3201,-1933
3202,-1871
3203,-1904
3204,-1954
3205,-1938
3206,-1941
3207,-1885
3208,-1841
3209,-1862
3210,-1893
3211,-1903
3212,-1916
3213,-1914
3214,-1892
3215,-1883
3216,-1894
3217,-1912
3218,-1907
3219,-1902
3220,-1872
3221,-1859
3222,-1885
3223,-1869
3224,-1850
3225,-1872
3226,-1877
3227,-1873
3228,-1882
3229,-1882
3230,-1868
3231,-1881
3232,-1875
3233,-1892
3234,-1911
3235,-1917
3236,-1932
3237,-1930
3238,-1959
3239,-1971
3240,-1955
3241,-1948
3242,-1901
3243,-1896
3244,-1886
3245,-1876
3246,-1871
3247,-1857
3248,-1865
3249,-1820
3250,-1786
3251,-1767
3252,-1772
3253,-1784
3254,-1779
3255,-1774
3256,-1756
3257,-1820
3258,-1816
3259,-1816
3260,-1811
3261,-1803
3262,-1796
3263,-1793
3264,-1780
3265,-1766
3266,-1761
3267,-1769
3268,-1789
3269,-1795
3270,-1814
3271,-1833
3272,-1810
3273,-1828
3274,-1830
3275,-1802
3276,-1814
3277,-1848
3278,-1829
3279,-1846
3280,-1898
3281,-1842
3282,-1873
3283,-1919
3284,-1964
3285,-2087
3286,-2102
3287,-2167
3288,-2262
3289,-2276
3290,-2284
3291,-2240
3292,-2374
3293,-2437
3294,-2405
3295,-2395
3296,-2426
3297,-2524
3298,-2483
3299,-2488
3300,-2481
3301,-2544
3302,-2543
3303,-2545
3304,-2515
3305,-2485
3306,-2462
3307,-2467
3308,-2482
3309,-2465
3310,-2442
3311,-2430
3312,-2473
3313,-2475
3314,-2485
3315,-2502
3316,-2506
3317,-2487
3318,-2495
3319,-2493
3320,-2486
3321,-2450
3322,-2456
3323,-2444
3324,-2417
3325,-2435
3326,-2438
3327,-2415
3328,-2419
3329,-2395
3330,-2364
3331,-2411
3332,-2391
3333,-2363
3334,-2298
3335,-2187
3336,-2181
3337,-2139
3338,-2037
3339,-2017
3340,-1999
3341,-2059
3342,-1975
3343,-1910
3344,-1988
3345,-2033
3346,-2013
3347,-1942
3348,-1983
3349,-2011
3350,-2042
3351,-2014
3352,-2037
3353,-2026
3354,-2086
3355,-2123
3356,-2187
3357,-2207
3358,-2149
3359,-2188
3360,-2225
3361,-2230
3362,-2224
3363,-2222
3364,-2202
3365,-2196
3366,-2168
3367,-2182
3368,-2188
3369,-2177
3370,-2172
3371,-2192
3372,-2194
3373,-2232
3374,-2278
3375,-2296
3376,-2293
3377,-2329
3378,-2347
3379,-2372
3380,-2364
3381,-2395
3382,-2411
3383,-2409
3384,-2394
3385,-2397
3386,-2411
3387,-2407
3388,-2404
3389,-2419
3390,-2428
3391,-2431
3392,-2456
3393,-2436
3394,-2413
3395,-2405
3396,-2388
3397,-2381
3398,-2375
3399,-2372
3400,-2376
3401,-2358
3402,-2323
3403,-2323
3404,-2322
3405,-2328
3406,-2326
3407,-2295
3408,-2326
3409,-2303
3410,-2272
3411,-2272
3412,-2252
3413,-2242
3414,-2266
3415,-2263
3416,-2274
3417,-2284
3418,-2277
3419,-2280
3420,-2277
3421,-2230
3422,-2112
3423,-2102
3424,-2132
3425,-2083
3426,-2053
3427,-1954
3428,-1902
3429,-1954
3430,-1960
3431,-1927
3432,-1907
3433,-1850
3434,-1854
3435,-1863
3436,-1838
3437,-1794
3438,-1848
3439,-1858
3440,-1845
3441,-1853
3442,-1841
3443,-1863
3444,-1833
3445,-1823
3446,-1825
3447,-1843
3448,-1892
3449,-1876
3450,-1894
3451,-1905
3452,-1907
3453,-1946
3454,-1916
3455,-1900
3456,-1889
3457,-1885
3458,-1877
3459,-1874
3460,-1886
3461,-1900
3462,-1893
3463,-1909
3464,-1919
3465,-1918
3466,-1913
3467,-1894
3468,-1882
3469,-1889
3470,-1882
3471,-1924
3472,-2040
3473,-2021
3474,-1952
3475,-1991
3476,-2002
3477,-2081
3478,-2145
3479,-2081
3480,-2084
3481,-2086
3482,-2101
3483,-2143
3484,-2165
3485,-2144
3486,-2155
3487,-2190
3488,-2154
3489,-2135
3490,-2128
3491,-2115
3492,-2113
3493,-2110
3494,-2162
3495,-2166
3496,-2160
3497,-2144
3498,-2104
3499,-2105
3500,-2062
3501,-2044
3502,-2059
3503,-2025
3504,-2027
3505,-2036
3506,-2011
3507,-2008
3508,-2025
3509,-2026
3510,-2031
3511,-2047
3512,-2054
3513,-2040
3514,-2011
3515,-2016
3516,-2014
3517,-2059
3518,-2063
3519,-2082
3520,-2098
3521,-2090
3522,-2121
3523,-2114
3524,-2136
3525,-2125
3526,-2090
3527,-2107
3528,-2114
3529,-2114
3530,-2111
3531,-2090
3532,-2037
3533,-2033
3534,-2033
3535,-2014
3536,-2021
3537,-2021
3538,-2025
3539,-2046
3540,-2067
3541,-2065
3542,-2063
3543,-2078
3544,-2051
3545,-2079
3546,-2102
3547,-2087
3548,-2109
3549,-2120
3550,-2153
3551,-2164
3552,-2148
3553,-2161
3554,-2155
3555,-2170
3556,-2183
3557,-2208
3558,-2191
3559,-2197
3560,-2189
3561,-2164
3562,-2175
3563,-2176
3564,-2189
3565,-2184
3566,-2192
3567,-2153
3568,-2140
3569,-2110
3570,-2121
3571,-2210
3572,-2155
3573,-2188
3574,-2217
3575,-2212
3576,-2256
3577,-2225
3578,-2197
3579,-2179
3580,-2187
3581,-2185
3582,-2160
3583,-2139
3584,-2146
3585,-2127
3586,-2131
3587,-2136
3588,-2090
3589,-2058
3590,-2024
3591,-2074
3592,-2072
3593,-2074
3594,-2121
3595,-2107
3596,-2054
3597,-2044
3598,-1956
3599,-1936
3600,-1979
3601,-1979
3602,-2002
3603,-1995
3604,-2047
3605,-2134
3606,-2090
3607,-1975
3608,-1999
3609,-2075
3610,-2105
3611,-2105
3612,-2162
3613,-2224
3614,-2328
3615,-2197
3616,-2169
3617,-2200
3618,-2180
3619,-2137
3620,-2157
3621,-2167
3622,-2094
3623,-2006
3624,-1887
3625,-1890
3626,-1896
3627,-1907
3628,-1873
3629,-1868
3630,-1879
3631,-1909
3632,-1958
3633,-1974
3634,-1951
3635,-2013
3636,-2088
3637,-2054
3638,-2019
3639,-2137
3640,-2145
3641,-2126
3642,-2076
3643,-2097
3644,-2037
3645,-2034
3646,-2056
3647,-2096
3648,-2131
3649,-2143
3650,-2063
3651,-2080
3652,-2077
3653,-2019
3654,-1984
3655,-1859
3656,-1840
3657,-1965
3658,-1899
3659,-1903
3660,-1847
3661,-1673
3662,-1633
3663,-1600
3664,-1555
3665,-1747
3666,-1770
3667,-1765
3668,-1784
3669,-1824
3670,-1790
3671,-1724
3672,-1792
3673,-1884
3674,-1954
3675,-1957
3676,-1960
3677,-1974
3678,-2008
3679,-2072
3680,-2074
3681,-2061
3682,-2071
3683,-2063
3684,-2086
3685,-2085
3686,-2021
3687,-2064
3688,-2126
3689,-2021
3690,-2114
3691,-2066
3692,-2123
3693,-2087
3694,-2101
3695,-2079
3696,-2074
3697,-2034
3698,-2088
3699,-2090
3700,-2099
3701,-2139
3702,-2126
3703,-2150
3704,-2156
3705,-2155
3706,-2234
3707,-2219
3708,-2314
3709,-2238
3710,-2306
3711,-2480
3712,-2512
3713,-2484
3714,-2417
3715,-2366
3716,-2347
3717,-2311
3718,-2301
3719,-2272
3720,-2288
3721,-2243
3722,-2269
3723,-2286
3724,-2301
3725,-2299
3726,-2271
3727,-2243
3728,-2257
3729,-2218
3730,-2185
3731,-2158
3732,-2157
3733,-2173
3734,-2162
3735,-2141
3736,-2093
3737,-2087
3738,-2099
3739,-2109
3740,-2089
3741,-2112
3742,-2114
3743,-2109
3744,-2065
3745,-2059
3746,-2075
3747,-2064
3748,-2069
3749,-2118
3750,-2147
3751,-2099
3752,-2067
3753,-2100
3754,-2077
3755,-2100
3756,-2095
3757,-2098
3758,-2052
3759,-2036
3760,-2040
3761,-2026
3762,-1982
3763,-1997
3764,-2020
3765,-2020
3766,-2046
3767,-2054
3768,-2074
3769,-2113
3770,-2091
3771,-2123
3772,-2138
3773,-2097
3774,-2096
3775,-2105
3776,-2128
3777,-2136
3778,-2101
3779,-2088
3780,-2112
3781,-2125
3782,-2110
3783,-2105
3784,-2105
3785,-2079
3786,-2100
3787,-2095
3788,-2068
3789,-2069
3790,-2030
3791,-2032
3792,-2020
3793,-2062
3794,-2034
3795,-1960
3796,-2026
3797,-2056
3798,-1984
3799,-1946
3800,-1917
3801,-1890
3802,-1900
3803,-1888
3804,-1899
3805,-1922
3806,-1946
3807,-1917
3808,-1942
3809,-1929
3810,-1919
3811,-1927
3812,-1862
3813,-1839
3814,-1827
3815,-1805
3816,-1807
3817,-1798
3818,-1782
3819,-1789
3820,-1776
3821,-1775
3822,-1793
3823,-1767
3824,-1771
3825,-1766
3826,-1752
3827,-1756
3828,-1779
3829,-1764
3830,-1731
3831,-1739
3832,-1707
3833,-1680
3834,-1698
3835,-1726
3836,-1760
3837,-1720
3838,-1713
3839,-1684
3840,-1702
3841,-1660
3842,-1643
3843,-1617
3844,-1699
3845,-1761
3846,-1681
3847,-1646
3848,-1654
3849,-1585
3850,-1608
3851,-1630
3852,-1669
3853,-1683
3854,-1739
3855,-1711
3856,-1688
3857,-1724
3858,-1690
3859,-1709
3860,-1710
3861,-1761
3862,-1782
3863,-1833
3864,-1823
3865,-1817
3866,-1789
3867,-1763
3868,-1757
3869,-1744
3870,-1788
3871,-1745
3872,-1710
3873,-1734
3874,-1697
3875,-1650
3876,-1608
3877,-1593
3878,-1659
3879,-1617
3880,-1684
3881,-1618
3882,-1666
3883,-1657
3884,-1615
3885,-1626
3886,-1654
3887,-1634
3888,-1654
3889,-1636
3890,-1663
3891,-1741
3892,-1713
3893,-1685
3894,-1720
3895,-1721
3896,-1649
3897,-1643
3898,-1652
3899,-1723
3900,-1709
3901,-1662
3902,-1657
3903,-1668
3904,-1639
3905,-1681
3906,-1702
3907,-1694
3908,-1656
3909,-1672
3910,-1636
3911,-1554
3912,-1645
3913,-1590
3914,-1591
3915,-1645
3916,-1640
3917,-1699
3918,-1730
3919,-1708
3920,-1658
3921,-1719
3922,-1744
3923,-1723
3924,-1767
3925,-1801
3926,-1834
3927,-1875
3928,-1785
3929,-1810
3930,-1779
3931,-1829
3932,-1845
3933,-1926
3934,-1924
3935,-1857
3936,-1817
3937,-1851
3938,-1881
3939,-1936
3940,-1904
3941,-1861
3942,-1885
3943,-1866
3944,-1823
3945,-1883
3946,-1947
3947,-1971
3948,-2002
3949,-1994
3950,-2011
3951,-2034
3952,-2020
3953,-2005
3954,-1977
3955,-1943
3956,-1910
3957,-1887
3958,-1948
3959,-1940
3960,-1938
3961,-1990
3962,-1967
3963,-1970
3964,-2005
3965,-1990
3966,-2018
3967,-1979
3968,-1997
3969,-2021
3970,-2053
3971,-2010
3972,-1985
3973,-2023
3974,-2011
3975,-2028
3976,-2058
3977,-2016
3978,-2059
3979,-2099
3980,-2088
3981,-2094
3982,-2059
3983,-1993
3984,-2012
3985,-2053
3986,-2037
3987,-2046
3988,-2030
3989,-2043
3990,-2031
3991,-2021
3992,-2060
3993,-2087
3994,-2072
3995,-2046
3996,-2057
3997,-2058
3998,-2082
3999,-2084
4000,-2082
4001,-2138
4002,-2141
4003,-2143
4004,-2174
4005,-2163
4006,-2170
4007,-2217
4008,-2197
4009,-2205
4010,-2206
4011,-2190
4012,-2185
4013,-2200
4014,-2176
4015,-2178
4016,-2180
4017,-2197
4018,-2154
4019,-2178
4020,-2137
4021,-2196
4022,-2226
4023,-2251
4024,-2260
4025,-2254
4026,-2259
4027,-2222
4028,-2156
4029,-2160
4030,-2158
4031,-2154
4032,-2145
4033,-2189
4034,-2196
4035,-2202
4036,-2186
4037,-2174
4038,-2174
4039,-2127
4040,-2169
4041,-2091
4042,-2042
4043,-2075
4044,-2081
4045,-2101
4046,-2122
4047,-2140
4048,-2087
4049,-2082
4050,-2100
4051,-2060
4052,-2047
4053,-2036
4054,-2013
4055,-2014
4056,-2044
4057,-2025
4058,-2013
4059,-2011
4060,-2004
4061,-2009
4062,-1977
4063,-1972
4064,-1937
4065,-1958
4066,-1960
4067,-1981
4068,-2010
4069,-2039
4070,-2036
4071,-1950
4072,-1976
4073,-2013
4074,-2008
4075,-2104
4076,-2117
4077,-2200
4078,-2224
4079,-2213
4080,-2237
4081,-2199
4082,-2218
4083,-2230
4084,-2193
4085,-2184
4086,-2220
4087,-2233
4088,-2206
4089,-2202
4090,-2168
4091,-2254
4092,-2260
4093,-2226
4094,-2233
4095,-2207
4096,-2186
4097,-2200
4098,-2199
4099,-2224
4100,-2214
4101,-2222
4102,-2250
4103,-2255
4104,-2242
4105,-2275
4106,-2237
4107,-2228
4108,-2230
4109,-2203
4110,-2208
4111,-2184
4112,-2184
4113,-2172
4114,-2209
4115,-2159
4116,-2169
4117,-2154
4118,-2156
4119,-2116
4120,-2143
4121,-2187
4122,-2152
4123,-2102
4124,-2093
4125,-2001
4126,-1974
4127,-1947
4128,-1942
4129,-1936
4130,-1912
4131,-1959
4132,-1953
4133,-1893
4134,-1934
4135,-1963
4136,-1901
4137,-1872
4138,-1915
4139,-1887
4140,-1881
4141,-1874
4142,-1902
4143,-1952
4144,-1919
4145,-1938
4146,-1951
4147,-1914
4148,-1922
4149,-1903
4150,-1882
4151,-1872
4152,-1874
4153,-1875
4154,-1878
4155,-1848
4156,-1833
4157,-1822
4158,-1834
4159,-1827
4160,-1843
4161,-1868
4162,-1860
4163,-1873
4164,-1872
4165,-1877
4166,-1886
4167,-1868
4168,-1873
4169,-1871
4170,-1890
4171,-1887
4172,-1872
4173,-1849
4174,-1846
4175,-1862
4176,-1847
4177,-1836
4178,-1869
4179,-1892
4180,-1870
4181,-1877
4182,-1894
4183,-1912
4184,-1902
4185,-1890
4186,-1930
4187,-2002
4188,-1969
4189,-2010
4190,-2024
4191,-2027
4192,-1999
4193,-1940
4194,-1969
4195,-1941
4196,-1940
4197,-1969
4198,-1982
4199,-2000
4200,-2002
4201,-2011
4202,-1999
4203,-2004
4204,-2017
4205,-2024
4206,-2052
4207,-2057
4208,-2054
4209,-2082
4210,-2061
4211,-2059
4212,-2074
4213,-2080
4214,-2078
4215,-2088
4216,-2068
4217,-2090
4218,-2079
4219,-2060
4220,-2031
4221,-2038
4222,-2037
4223,-2033
4224,-2035
4225,-2013
4226,-2041
4227,-2022
4228,-2015
4229,-2000
4230,-2009
4231,-2001
4232,-2001
4233,-2010
4234,-2010
4235,-2000
4236,-2007
4237,-1960
4238,-1978
4239,-1980
4240,-1972
4241,-1982
4242,-2007
4243,-2011
4244,-2020
4245,-2033
4246,-2020
4247,-2015
4248,-2003
4249,-1979
4250,-2008
4251,-2004
4252,-1993
4253,-2007
4254,-1993
4255,-2011
4256,-2022
4257,-2012
4258,-2033
4259,-2035
4260,-2046
4261,-2019
4262,-2021
4263,-2008
4264,-2030
4265,-2046
4266,-2040
4267,-2034
4268,-2040
4269,-2033
4270,-2031
4271,-1967
4272,-2013
4273,-1949
4274,-2013
4275,-2024
4276,-1994
4277,-2075
4278,-2038
4279,-2023
4280,-2060
4281,-2104
4282,-2085
4283,-2092
4284,-2080
4285,-2062
4286,-2050
4287,-2086
4288,-2240
4289,-2226
4290,-2154
4291,-2176
4292,-2397
4293,-2495
4294,-2448
4295,-2527
4296,-2485
4297,-2401
4298,-2485
4299,-2455
4300,-2396
4301,-2306
4302,-2402
4303,-2342
4304,-2369
4305,-2377
4306,-2278
4307,-2246
4308,-2245
4309,-2205
4310,-2247
4311,-2279
4312,-2288
4313,-2244
4314,-2240
4315,-2280
4316,-2279
4317,-2264
4318,-2285
4319,-2285
4320,-2196
4321,-2265
4322,-2242
4323,-2292
4324,-2208
4325,-2178
4326,-2174
4327,-2105
4328,-2156
4329,-2168
4330,-2125
4331,-2109
4332,-2106
4333,-2117
4334,-2123
4335,-2149
4336,-2129
4337,-2109
4338,-1944
4339,-1973
4340,-2085
4341,-2017
4342,-1797
4343,-1712
4344,-1752
4345,-1652
4346,-1750
4347,-1861
4348,-1726
4349,-1748
4350,-1782
4351,-1876
4352,-1839
4353,-1877
4354,-1840
4355,-1797
4356,-1853
4357,-1936
4358,-1906
4359,-1933
4360,-1919
4361,-1945
4362,-1861
4363,-1911
4364,-1955
4365,-1885
4366,-1907
4367,-1933
4368,-1900
4369,-1906
4370,-2016
4371,-2037
4372,-2024
4373,-2050
4374,-2101
4375,-2124
4376,-2136
4377,-2133
4378,-2108
4379,-2112
4380,-2142
4381,-2145
4382,-2178
4383,-2179
4384,-2201
4385,-2201
4386,-2211
4387,-2195
4388,-2194
4389,-2162
4390,-2086
4391,-2102
4392,-2085
4393,-2109
4394,-2114
4395,-2141
4396,-2104
4397,-2056
4398,-2126
4399,-2158
4400,-2158
4401,-2140
4402,-2100
4403,-2065
4404,-2078
4405,-2137
4406,-2183
4407,-2154
4408,-2161
4409,-2141
4410,-2132
4411,-2105
4412,-2181
4413,-2185
4414,-2121
4415,-2135
4416,-2123
4417,-2079
4418,-2057
4419,-2077
4420,-2082
4421,-2041
4422,-2006
4423,-1982
4424,-1963
4425,-1960
4426,-1978
4427,-1972
4428,-1995
4429,-1994
4430,-1967
4431,-1951
4432,-1945
4433,-1921
4434,-1898
4435,-1879
4436,-1856
4437,-1858
4438,-1867
4439,-1867
4440,-1918
4441,-1953
4442,-1967
4443,-1941
4444,-1941
4445,-1938
4446,-1946
4447,-1950
4448,-1949
4449,-1928
4450,-1925
4451,-1908
4452,-1893
4453,-1935
4454,-1933
4455,-1884
4456,-1836
4457,-1829
4458,-1830
4459,-1850
4460,-1878
4461,-1849
4462,-1828
4463,-1841
4464,-1843
4465,-1864
4466,-1857
4467,-1878
4468,-1912
4469,-1916
4470,-1899
4471,-1914
4472,-1933
4473,-1941
4474,-1929
4475,-1925
4476,-1923
4477,-1945
4478,-1929
4479,-1958
4480,-1978
4481,-1962
4482,-1930
4483,-1933
4484,-1934
4485,-1950
4486,-1993
4487,-1998
4488,-1983
4489,-1989
4490,-1943
4491,-1937
4492,-1932
4493,-1941
4494,-1915
4495,-1917
4496,-1907
4497,-1907
4498,-1902
4499,-1920
4500,-1947
4501,-1985
4502,-1983
4503,-1981
4504,-1984
4505,-1990
4506,-2021
4507,-2003
4508,-2015
4509,-2012
4510,-1973
4511,-1990
4512,-2017
4513,-2011
4514,-2016
4515,-1993
4516,-1996
4517,-1999
4518,-1987
4519,-1974
4520,-1965
4521,-1949
4522,-1956
4523,-1984
4524,-1973
4525,-1995
4526,-1959
4527,-1931
4528,-1918
4529,-1905
4530,-1906
4531,-1940
4532,-1965
4533,-1950
4534,-1965
4535,-1948
4536,-1941
4537,-1954
4538,-1982
4539,-2003
4540,-2013
4541,-2008
4542,-2004
4543,-1987
4544,-2008
4545,-1981
4546,-1966
4547,-1975
4548,-1975
4549,-1954
4550,-1943
4551,-1940
4552,-1939
4553,-1951
4554,-1928
4555,-1922
4556,-1923
4557,-1945
4558,-1945
4559,-1918
4560,-1903
4561,-1942
4562,-1936
4563,-1916
4564,-1913
4565,-1906
4566,-1894
4567,-1900
4568,-1891
4569,-1921
4570,-1949
4571,-1959
4572,-1958
4573,-1950
4574,-1960
4575,-1937
4576,-1966
4577,-2008
4578,-2035
4579,-2017
4580,-2024
4581,-2015
4582,-2010
4583,-2040
4584,-2027
4585,-2028
4586,-2015
4587,-2022
4588,-2002
4589,-1970
4590,-1979
4591,-1994
4592,-1987
4593,-1969
4594,-1964
4595,-1984
4596,-1999
4597,-1995
4598,-1972
4599,-1983
4600,-2029
4601,-2053
4602,-2042
4603,-2026
4604,-2025
4605,-2036
4606,-2048
4607,-2054
4608,-2024
4609,-2046
4610,-2039
4611,-1997
4612,-1980
4613,-1993
4614,-1988
4615,-1979
4616,-2011
4617,-2018
4618,-2031
4619,-2000
4620,-1983
4621,-1982
4622,-2011
4623,-2015
4624,-2024
4625,-1993
4626,-2003
4627,-1951
4628,-1929
4629,-1912
4630,-1899
4631,-1908
4632,-1890
4633,-1840
4634,-1850
4635,-1842
4636,-1840
4637,-1842
4638,-1825
4639,-1791
4640,-1770
4641,-1746
4642,-1753
4643,-1808
4644,-1810
4645,-1847
4646,-1849
4647,-1832
4648,-1859
4649,-1875
4650,-1818
4651,-1797
4652,-1814
4653,-1840
4654,-1849
4655,-1855
4656,-1854
4657,-1834
4658,-1843
4659,-1842
4660,-1866
4661,-1884
4662,-1917
4663,-1909
4664,-1888
4665,-1906
4666,-1893
4667,-1870
4668,-1854
4669,-1862
4670,-1838
4671,-1832
4672,-1796
4673,-1769
4674,-1799
4675,-1847
4676,-1835
4677,-1853
4678,-1878
4679,-1882
4680,-1887
4681,-1860
4682,-1877
4683,-1896
4684,-1890
4685,-1892
4686,-1893
4687,-1856
4688,-1877
4689,-1945
4690,-1950
4691,-1959
4692,-1946
4693,-1929
4694,-1917
4695,-1889
4696,-1892
4697,-1919
4698,-1896
4699,-1866
4700,-1892
4701,-1864
4702,-1872
4703,-1841
4704,-1883
4705,-1892
4706,-1893
4707,-1920
4708,-1949
4709,-1967
4710,-1963
4711,-1924
4712,-1910
4713,-1913
4714,-1939
4715,-1926
4716,-1918
4717,-1918
4718,-1927
4719,-1908
4720,-1952
4721,-1941
4722,-1972
4723,-2040
4724,-2010
4725,-1999
4726,-1980
4727,-1997
4728,-1993
4729,-2009
4730,-2024
4731,-2033
4732,-2043
4733,-2080
4734,-2104
4735,-2121
4736,-2143
4737,-2159
4738,-2158
4739,-2169
4740,-2185
4741,-2172
4742,-2202
4743,-2190
4744,-2201
4745,-2196
4746,-2186
4747,-2177
4748,-2197
4749,-2210
4750,-2191
4751,-2208
4752,-2207
4753,-2192
4754,-2148
4755,-2125
4756,-2102
4757,-2092
4758,-2064
4759,-2041
4760,-2044
4761,-2071
4762,-2065
4763,-2049
4764,-2044
4765,-2045
4766,-2033
4767,-2037
4768,-2042
4769,-2057
4770,-2044
4771,-2049
4772,-2058
4773,-1995
4774,-1991
4775,-1989
4776,-2023
4777,-2023
4778,-2016
4779,-2021
4780,-1996
4781,-1996
4782,-1983
4783,-1929
4784,-1899
4785,-1884
4786,-1869
4787,-1873
4788,-1868
4789,-1851
4790,-1838
4791,-1847
4792,-1831
4793,-1834
4794,-1841
4795,-1843
4796,-1827
4797,-1789
4798,-1957
4799,-1993
4800,-1962
4801,-1975
4802,-1949
4803,-1990
4804,-1992
4805,-2005
4806,-1989
4807,-1980
4808,-1998
4809,-1994
4810,-1986
4811,-1987
4812,-1993
4813,-1991
4814,-1989
4815,-2036
4816,-2054
4817,-2055
4818,-2061
4819,-2068
4820,-2080
4821,-2090
4822,-2029
4823,-2014
4824,-2028
4825,-2032
4826,-2028
4827,-2024
4828,-2022
4829,-1990
4830,-1983
4831,-1992
4832,-1995
4833,-2032
4834,-2068
4835,-2109
4836,-2093
4837,-2068
4838,-2077
4839,-2067
4840,-2048
4841,-2054
4842,-2055
4843,-2038
4844,-2040
4845,-2018
4846,-2052
4847,-2104
4848,-1941
4849,-1927
4850,-1965
4851,-1971
4852,-1988
4853,-1968
4854,-1959
4855,-1916
4856,-1922
4857,-1889
4858,-1904
4859,-1897
4860,-1849
4861,-1854
4862,-1788
4863,-1797
4864,-1803
4865,-1767
4866,-1769
4867,-1801
4868,-1752
4869,-1691
4870,-1652
4871,-1600
4872,-1628
4873,-1651
4874,-1635
4875,-1642
4876,-1648
4877,-1654
4878,-1652
4879,-1676
4880,-1688
4881,-1684
4882,-1695
4883,-1719
4884,-1688
4885,-1679
4886,-1728
4887,-1749
4888,-1748
4889,-1724
4890,-1741
4891,-1766
4892,-1746
4893,-1740
4894,-1743
4895,-1773
4896,-1746
4897,-1713
4898,-1706
4899,-1699
4900,-1675
4901,-1653
4902,-1657
4903,-1658
4904,-1689
4905,-1733
4906,-1745
4907,-1763
4908,-1735
4909,-1757
4910,-1813
4911,-1793
4912,-1842
4913,-1867
4914,-1878
4915,-1889
4916,-1886
4917,-1863
4918,-1898
4919,-1949
4920,-1971
4921,-2015
4922,-2017
4923,-1989
4924,-1992
4925,-1990
4926,-2008
4927,-2012
4928,-2009
4929,-2005
4930,-1996
4931,-1986
4932,-1989
4933,-1953
4934,-1943
4935,-1934
4936,-1899
4937,-1893
4938,-1899
4939,-1939
4940,-1936
4941,-1944
4942,-1961
4943,-2105
4944,-2132
4945,-2096
4946,-2147
4947,-2168
4948,-2144
4949,-2196
4950,-2236
4951,-2210
4952,-2249
4953,-2212
4954,-2177
4955,-2177
4956,-2158
4957,-2159
4958,-2179
4959,-2136
4960,-2135
4961,-2136
4962,-2134
4963,-2141
4964,-2135
4965,-2102
4966,-2130
4967,-2120
4968,-2107
4969,-2124
4970,-2141
4971,-2130
4972,-2139
4973,-2164
4974,-2159
4975,-2164
4976,-2124
4977,-2104
4978,-2110
4979,-2130
4980,-2125
4981,-2128
4982,-2128
4983,-2133
4984,-2135
4985,-2151
4986,-2157
4987,-2174
4988,-2195
4989,-2174
4990,-2194
4991,-2169
4992,-2167
4993,-2020
4994,-1987
4995,-2010
4996,-1969
4997,-1984
4998,-2009
4999,-1935
5000,-1935
5001,-1944
5002,-1911
5003,-1931
5004,-1939
5005,-1945
5006,-1952
5007,-1976
5008,-1987
5009,-2016
5010,-2024
5011,-2035
5012,-2045
5013,-2033
5014,-2019
5015,-2022
5016,-2008
5017,-1988
5018,-2013
5019,-2013
5020,-1985
5021,-2020
5022,-2011
5023,-2006
5024,-1995
5025,-1983
5026,-1977
5027,-1986
5028,-1985
5029,-1951
5030,-1942
5031,-1948
5032,-1926
5033,-1922
5034,-1931
5035,-1904
5036,-1891
5037,-1884
5038,-1850
5039,-1857
5040,-1836
5041,-1823
5042,-1838
5043,-1851
5044,-1856
5045,-1842
5046,-1833
5047,-1834
5048,-1813
5049,-1813
5050,-1810
5051,-1840
5052,-1843
5053,-1847
5054,-1859
5055,-1860
5056,-1869
5057,-1845
5058,-1836
5059,-1837
5060,-1851
5061,-1855
5062,-1849
5063,-1852
5064,-1882
5065,-1888
5066,-1890
5067,-1922
5068,-1899
5069,-1880
5070,-1913
5071,-1892
5072,-1880
5073,-1898
5074,-1896
5075,-1906
5076,-1912
5077,-1897
5078,-1904
5079,-1928
5080,-1950
5081,-1939
5082,-1951
5083,-1946
5084,-1945
5085,-1954
5086,-1982
5087,-2000
5088,-2014
5089,-2025
5090,-2041
5091,-2043
5092,-2053
5093,-2068
5094,-2061
5095,-2070
5096,-2073
5097,-2048
5098,-2068
5099,-2086
5100,-2063
5101,-2038
5102,-2038
5103,-2059
5104,-2059
5105,-2041
5106,-2038
5107,-2079
5108,-2069
5109,-2094
5110,-2076
5111,-2074
5112,-2086
5113,-2081
5114,-2066
5115,-2073
5116,-2056
5117,-2039
5118,-2046
5119,-2038
5120,-2010
5121,-2018
5122,-2015
5123,-1984
5124,-2011
5125,-2006
5126,-2011
5127,-2033
5128,-2034
5129,-2036
5130,-2035
5131,-2044
5132,-2046
5133,-2050
5134,-2057
5135,-2057
5136,-2036
5137,-2023
5138,-2017
5139,-2002
5140,-2015
5141,-2029
5142,-2014
5143,-2004
5144,-2000
5145,-2014
5146,-2019
5147,-2042
5148,-2027
5149,-2020
5150,-2019
5151,-2018
5152,-2028
5153,-2016
5154,-2047
5155,-2078
5156,-2031
5157,-2070
5158,-2058
5159,-1997
5160,-2016
5161,-1993
5162,-1971
5163,-1976
5164,-1955
5165,-1987
5166,-2040
5167,-2080
5168,-2101
5169,-2128
5170,-2128
5171,-2096
5172,-2103
5173,-2110
5174,-2120
5175,-2120
5176,-2130
5177,-2125
5178,-2109
5179,-2110
5180,-2126
5181,-2133
5182,-2144
5183,-2153
5184,-2154
5185,-2151
5186,-2155
5187,-2153
5188,-2154
5189,-2146
5190,-2104
5191,-2091
5192,-2117
5193,-2110
5194,-2116
5195,-2110
5196,-2109
5197,-2089
5198,-2118
5199,-2116
5200,-2128
5201,-2155
5202,-2122
5203,-2117
5204,-2100
5205,-2077
5206,-2144
5207,-2075
5208,-2078
5209,-2142
5210,-2108
5211,-2136
5212,-2153
5213,-2127
5214,-2147
5215,-2126
5216,-2079
5217,-2032
5218,-2023
5219,-2003
5220,-1995
5221,-2019
5222,-2011
5223,-2019
5224,-2047
5225,-2034
5226,-2045
5227,-2056
5228,-2046
5229,-2054
5230,-2041
5231,-1994
5232,-1987
5233,-1995
5234,-1943
5235,-1944
5236,-1943
5237,-1934
5238,-1938
5239,-1943
5240,-1974
5241,-1978
5242,-1967
5243,-1991
5244,-1997
5245,-2006
5246,-1988
5247,-1998
5248,-2017
5249,-1998
5250,-1999
5251,-1965
5252,-1975
5253,-1996
5254,-2008
5255,-2022
5256,-1975
5257,-1989
5258,-1998
5259,-1978
5260,-2003
5261,-2006
5262,-1993
5263,-2025
5264,-2004
5265,-2019
5266,-2019
5267,-2026
5268,-2017
5269,-2036
5270,-2024
5271,-2023
5272,-2030
5273,-2014
5274,-1968
5275,-1960
5276,-1932
5277,-1923
5278,-1924
5279,-1893
5280,-1876
5281,-1915
5282,-1938
5283,-1957
5284,-1896
5285,-1895
5286,-2010
5287,-2002
5288,-2001
5289,-1927
5290,-1982
5291,-1955
5292,-1947
5293,-1952
5294,-1792
5295,-1645
5296,-1775
5297,-1783
5298,-1692
5299,-1627
5300,-1612
5301,-1685
5302,-1702
5303,-1655
5304,-1631
5305,-1617
5306,-1621
5307,-1633
5308,-1626
5309,-1569
5310,-1571
5311,-1528
5312,-1539
5313,-1603
5314,-1660
5315,-1638
5316,-1637
5317,-1661
5318,-1660
5319,-1611
5320,-1651
5321,-1632
5322,-1664
5323,-1704
5324,-1708
5325,-1726
5326,-1758
5327,-1734
5328,-1736
5329,-1760
5330,-1765
5331,-1756
5332,-1733
5333,-1692
5334,-1809
5335,-1825
5336,-1737
5337,-1771
5338,-1771
5339,-1848
5340,-1819
5341,-1843
5342,-1823
5343,-1812
5344,-1973
5345,-2123
5346,-1999
5347,-1979
5348,-2054
5349,-2142
5350,-2166
5351,-2097
5352,-2086
5353,-2109
5354,-2107
5355,-2101
5356,-2127
5357,-2085
5358,-2090
5359,-2132
5360,-2138
5361,-2163
5362,-2175
5363,-2099
5364,-2078
5365,-2086
5366,-2074
5367,-2069
5368,-2092
5369,-2112
5370,-2096
5371,-2108
5372,-2102
5373,-2051
5374,-2031
5375,-1973
5376,-1949
5377,-1983
5378,-1987
5379,-1935
5380,-1913
5381,-1957
5382,-1940
5383,-1948
5384,-1938
5385,-1912
5386,-1918
5387,-1889
5388,-1901
5389,-1924
5390,-1890
5391,-1904
5392,-1911
5393,-1916
5394,-1917
5395,-1902
5396,-1901
5397,-1931
5398,-1931
5399,-1892
5400,-1883
5401,-1920
5402,-1904
5403,-1931
5404,-1954
5405,-1966
5406,-1975
5407,-1987
5408,-1973
5409,-2024
5410,-2002
5411,-2010
5412,-2003
5413,-2000
5414,-1972
5415,-1976
5416,-1960
5417,-1966
5418,-1919
5419,-1913
5420,-1927
5421,-1953
5422,-1935
5423,-1957
5424,-1972
5425,-2017
5426,-2037
5427,-2031
5428,-2045
5429,-2077
5430,-2096
5431,-2060
5432,-2046
5433,-2036
5434,-2043
5435,-2104
5436,-2049
5437,-2074
5438,-2041
5439,-2040
5440,-2061
5441,-2057
5442,-1983
5443,-1971
5444,-1998
5445,-1999
5446,-2032
5447,-1947
5448,-1942
5449,-2000
5450,-2031
5451,-2015
5452,-2131
5453,-2009
5454,-2034
5455,-2054
5456,-1990
5457,-1989
5458,-2039
5459,-2002
5460,-2008
5461,-1992
5462,-1975
5463,-1995
5464,-2016
5465,-2007
5466,-2036
5467,-2024
5468,-2047
5469,-2080
5470,-2064
5471,-2051
5472,-2051
5473,-2080
5474,-2079
5475,-2087
5476,-2077
5477,-2090
5478,-2091
5479,-2105
5480,-2123
5481,-2134
5482,-2148
5483,-2157
5484,-2155
5485,-2095
5486,-2123
5487,-2116
5488,-2130
5489,-2101
5490,-2101
5491,-2109
5492,-2188
5493,-2193
5494,-2168
5495,-2163
5496,-2131
5497,-2189
5498,-2191
5499,-2176
5500,-2142
5501,-2145
5502,-2060
5503,-2152
5504,-2100
5505,-2067
5506,-2134
5507,-2143
5508,-2114
5509,-2115
5510,-2098
5511,-2137
5512,-2141
5513,-2115
5514,-2126
5515,-2121
5516,-2105
5517,-2106
5518,-2109
5519,-2094
5520,-2095
5521,-2101
5522,-2107
5523,-2096
5524,-2115
5525,-2135
5526,-2115
5527,-2071
5528,-2078
5529,-2083
5530,-2050
5531,-2030
5532,-2034
5533,-2034
5534,-2034
5535,-2068
5536,-2068
5537,-2048
5538,-2011
5539,-2023
5540,-2012
5541,-1997
5542,-1987
5543,-1990
5544,-1986
5545,-1988
5546,-2015
5547,-2026
5548,-2004
5549,-2012
5550,-1997
5551,-1996
5552,-1995
5553,-2001
5554,-2007
5555,-2011
5556,-2002
5557,-1987
5558,-1988
5559,-1989
5560,-2000
5561,-1975
5562,-1973
5563,-1969
5564,-1958
5565,-1953
5566,-1950
5567,-1954
5568,-1965
5569,-1964
5570,-1971
5571,-1971
5572,-1964
5573,-1959
5574,-1936
5575,-1916
5576,-1930
5577,-1968
5578,-1960
5579,-1951
5580,-1974
5581,-1932
5582,-1915
5583,-1926
5584,-1926
5585,-1890
5586,-1882
5587,-1906
5588,-1941
5589,-1957
5590,-1948
5591,-1955
5592,-1985
5593,-1976
5594,-1977
5595,-1989
5596,-1979
5597,-1970
5598,-2015
5599,-2097
5600,-2124
5601,-2091
5602,-2122
5603,-2139
5604,-2136
5605,-2109
5606,-2132
5607,-2282
5608,-2319
5609,-2328
5610,-2256
5611,-2310
5612,-2366
5613,-2379
5614,-2335
5615,-2337
5616,-2264
5617,-2191
5618,-2193
5619,-2192
5620,-2362
5621,-2360
5622,-2349
5623,-2383
5624,-2399
5625,-2367
5626,-2401
5627,-2445
5628,-2444
5629,-2437
5630,-2445
5631,-2469
5632,-2480
5633,-2466
5634,-2453
5635,-2469
5636,-2480
5637,-2469
5638,-2481
5639,-2429
5640,-2439
5641,-2447
5642,-2443
5643,-2433
5644,-2407
5645,-2395
5646,-2395
5647,-2396
5648,-2367
5649,-2273
5650,-2249
5651,-2277
5652,-2250
5653,-2228
5654,-2233
5655,-2255
5656,-2219
5657,-2083
5658,-2046
5659,-2051
5660,-2124
5661,-2085
5662,-2046
5663,-2038
5664,-2074
5665,-2075
5666,-2176
5667,-2248
5668,-2246
5669,-2261
5670,-2109
5671,-2122
5672,-2141
5673,-2104
5674,-2091
5675,-2133
5676,-2101
5677,-2046
5678,-2061
5679,-2052
5680,-2054
5681,-2081
5682,-2088
5683,-2096
5684,-2099
5685,-2094
5686,-2097
5687,-2110
5688,-2066
5689,-2107
5690,-2085
5691,-2083
5692,-2061
5693,-2077
5694,-2088
5695,-2113
5696,-2088
5697,-2093
5698,-2112
5699,-2079
5700,-2110
5701,-2120
5702,-2071
5703,-2097
5704,-2102
5705,-2107
5706,-2155
5707,-2155
5708,-2118
5709,-2133
5710,-2126
5711,-2113
5712,-2094
5713,-2094
5714,-2121
5715,-2114
5716,-2076
5717,-2081
5718,-2067
5719,-2048
5720,-2049
5721,-2027
5722,-2016
5723,-2016
5724,-2013
5725,-2010
5726,-2010
5727,-2000
5728,-1998
5729,-2016
5730,-2000
5731,-2014
5732,-2032
5733,-2028
5734,-2038
5735,-2033
5736,-2008
5737,-2005
5738,-2033
5739,-2030
5740,-2070
5741,-2052
5742,-2053
5743,-2056
5744,-2059
5745,-2053
5746,-2080
5747,-2076
5748,-2026
5749,-2107
5750,-2041
5751,-2003
5752,-2082
5753,-2062
5754,-2051
5755,-2082
5756,-2039
5757,-2031
5758,-2080
5759,-2048
5760,-2074
5761,-2094
5762,-2168
5763,-2165
5764,-2133
5765,-2195
5766,-2180
5767,-2183
5768,-2170
5769,-2234
5770,-2238
5771,-2212
5772,-2153
5773,-2150
5774,-2141
5775,-2135
5776,-2130
5777,-2193
5778,-2125
5779,-2136
5780,-2194
5781,-2154
5782,-2158
5783,-2193
5784,-2172
5785,-2249
5786,-2235
5787,-2228
5788,-2241
5789,-2184
5790,-2220
5791,-2257
5792,-2165
5793,-2141
5794,-2167
5795,-2126
5796,-2173
5797,-2129
5798,-2163
5799,-2094
5800,-2123
5801,-2142
5802,-2102
5803,-2080
5804,-2093
5805,-2056
5806,-2066
5807,-2055
5808,-2018
5809,-2024
5810,-2022
5811,-2012
5812,-1968
5813,-1994
5814,-2006
5815,-1952
5816,-1999
5817,-1983
5818,-2007
5819,-1954
5820,-1930
5821,-1976
5822,-2023
5823,-2022
5824,-2045
5825,-2020
5826,-1981
5827,-1956
5828,-2016
5829,-1991
5830,-1943
5831,-1980
5832,-1947
5833,-1926
5834,-1937
5835,-1846
5836,-1893
5837,-1891
5838,-1872
5839,-1940
5840,-1862
5841,-1840
5842,-1960
5843,-1975
5844,-1999
5845,-2003
5846,-1962
5847,-2005
5848,-2001
5849,-2029
5850,-2027
5851,-2038
5852,-2054
5853,-2022
5854,-1999
5855,-2053
5856,-2049
5857,-2098
5858,-2117
5859,-2130
5860,-2089
5861,-2062
5862,-2069
5863,-2080
5864,-2062
5865,-2043
5866,-2003
5867,-1992
5868,-1990
5869,-1975
5870,-1993
5871,-1991
5872,-1998
5873,-1991
5874,-1953
5875,-1971
5876,-1990
5877,-1962
5878,-1943
5879,-1956
5880,-1940
5881,-1915
5882,-1938
5883,-1946
5884,-1948
5885,-1950
5886,-1934
5887,-1946
5888,-1944
5889,-1959
5890,-1989
5891,-1969
5892,-1974
5893,-1965
5894,-1905
5895,-1940
5896,-1897
5897,-1909
5898,-1941
5899,-1906
5900,-1919
5901,-1962
5902,-1960
5903,-1998
5904,-2014
5905,-1965
5906,-1959
5907,-1940
5908,-1963
5909,-1941
5910,-1965
5911,-2011
5912,-1987
5913,-1986
5914,-1989
5915,-2026
5916,-2060
5917,-2080
5918,-2087
5919,-2098
5920,-2080
5921,-2057
5922,-2058
5923,-2063
5924,-2085
5925,-2077
5926,-2078
5927,-2093
5928,-2139
5929,-2133
5930,-2160
5931,-2192
5932,-2180
5933,-2159
5934,-2136
5935,-2169
5936,-2181
5937,-2176
5938,-2189
5939,-2161
5940,-2144
5941,-2189
5942,-2175
5943,-2171
5944,-2192
5945,-2194
5946,-2226
5947,-2204
5948,-2154
5949,-2086
5950,-2093
5951,-2064
5952,-2045
5953,-2046
5954,-2059
5955,-1989
5956,-2009
5957,-1983
5958,-1942
5959,-1875
5960,-1828
5961,-1838
5962,-1832
5963,-1765
5964,-1753
5965,-1683
5966,-1652
5967,-1647
5968,-1657
5969,-1679
5970,-1673
5971,-1674
5972,-1695
5973,-1708
5974,-1712
5975,-1725
5976,-1740
5977,-1724
5978,-1697
5979,-1710
5980,-1698
5981,-1659
5982,-1665
5983,-1659
5984,-1685
5985,-1688
5986,-1697
5987,-1668
5988,-1660
5989,-1661
5990,-1662
5991,-1615
5992,-1582
5993,-1598
5994,-1582
5995,-1553
5996,-1539
5997,-1553
5998,-1565
5999,-1671
6000,-1663
6001,-1641
6002,-1639
6003,-1660
6004,-1648
6005,-1725
6006,-1699
6007,-1708
6008,-1723
6009,-1791
6010,-1834
6011,-1800
6012,-1785
6013,-1807
6014,-1816
6015,-1875
6016,-1897
6017,-1892
6018,-1870
6019,-1857
6020,-1886
6021,-1901
6022,-1879
6023,-1879
6024,-1893
6025,-1900
6026,-1893
6027,-1891
6028,-1887
6029,-1890
6030,-1892
6031,-1914
6032,-1913
6033,-1903
6034,-1894
6035,-1886
6036,-1866
6037,-1887
6038,-1915
6039,-1928
6040,-1930
6041,-1955
6042,-1973
6043,-1971
6044,-1988
6045,-2002
6046,-2003
6047,-1970
6048,-1978
6049,-1966
6050,-1961
6051,-1963
6052,-1977
6053,-1987
6054,-1985
6055,-1981
6056,-1990
6057,-1995
6058,-2002
6059,-2004
6060,-1991
6061,-1992
6062,-2006
6063,-2027
6064,-2045
6065,-2029
6066,-2044
6067,-2068
6068,-2063
6069,-2053
6070,-1996
6071,-1939
6072,-1960
6073,-1951
6074,-1981
6075,-1957
6076,-1929
6077,-2021
6078,-2030
6079,-1986
6080,-1922
6081,-1978
6082,-1873
6083,-1920
6084,-1939
6085,-1907
6086,-1889
6087,-1927
6088,-1894
6089,-1940
6090,-1975
6091,-1951
6092,-1944
6093,-1934
6094,-1958
6095,-1975
6096,-2020
6097,-2065
6098,-2028
6099,-2023
6100,-2061
6101,-2072
6102,-2039
6103,-2024
6104,-2005
6105,-2004
6106,-2012
6107,-1997
6108,-2003
6109,-2017
6110,-2042
6111,-2069
6112,-2069
6113,-2065
6114,-2078
6115,-2083
6116,-2054
6117,-2050
6118,-2052
6119,-2054
6120,-2075
6121,-2129
6122,-2110
6123,-2098
6124,-2052
6125,-2076
6126,-2102
6127,-2033
6128,-2024
6129,-2042
6130,-2124
6131,-2060
6132,-2169
6133,-2120
6134,-2105
6135,-2104
6136,-2114
6137,-2072
6138,-2082
6139,-2009
6140,-1977
6141,-1983
6142,-1999
6143,-2018
6144,-1979
6145,-1953
6146,-1934
6147,-1933
6148,-1967
6149,-1966
6150,-1945
6151,-1949
6152,-1988
6153,-2008
6154,-2025
6155,-2025
6156,-2026
6157,-2045
6158,-2055
6159,-2064
6160,-2053
6161,-2016
6162,-2034
6163,-2034
6164,-2013
6165,-2016
6166,-2023
6167,-2003
6168,-2006
6169,-1966
6170,-1981
6171,-1979
6172,-1983
6173,-1989
6174,-1986
6175,-1989
6176,-2018
6177,-2001
6178,-1998
6179,-1994
6180,-1976
6181,-1982
6182,-1989
6183,-2021
6184,-2014
6185,-2066
6186,-2064
6187,-2055
6188,-2055
6189,-2087
6190,-2088
6191,-2121
6192,-2126
6193,-2099
6194,-2062
6195,-2088
6196,-2088
6197,-2118
6198,-2045
6199,-2246
6200,-2178
6201,-2092
6202,-2083
6203,-2047
6204,-2062
6205,-2072
6206,-2051
6207,-2040
6208,-2063
6209,-2043
6210,-2069
6211,-2164
6212,-2123
6213,-2105
6214,-2117
6215,-2108
6216,-2144
6217,-2204
6218,-2200
6219,-2218
6220,-2189
6221,-2163
6222,-2138
6223,-2160
6224,-2167
6225,-2167
6226,-2146
6227,-2151
6228,-2148
6229,-2181
6230,-2198
6231,-2176
6232,-2174
6233,-2171
6234,-2173
6235,-2160
6236,-2180
6237,-2196
6238,-2209
6239,-2174
6240,-2163
6241,-2144
6242,-2127
6243,-2130
6244,-2183
6245,-2146
6246,-2117
6247,-2069
6248,-2143
6249,-1930
6250,-1992
6251,-2073
6252,-2056
6253,-2065
6254,-2040
6255,-2031
6256,-2040
6257,-2045
6258,-2009
6259,-2007
6260,-1981
6261,-1891
6262,-1918
6263,-1925
6264,-1898
6265,-1900
6266,-1880
6267,-1820
6268,-1815
6269,-1838
6270,-1866
6271,-1872
6272,-1882
6273,-1866
6274,-1860
6275,-1845
6276,-1864
6277,-1850
6278,-1856
6279,-1829
6280,-1794
6281,-1808
6282,-1780
6283,-1770
6284,-1795
6285,-1766
6286,-1753
6287,-1751
6288,-1732
6289,-1748
6290,-1750
6291,-1730
6292,-1732
6293,-1748
6294,-1741
6295,-1768
6296,-1787
6297,-1789
6298,-1795
6299,-1803
6300,-1798
6301,-1788
6302,-1805
6303,-1828
6304,-1829
6305,-1814
6306,-1854
6307,-1800
6308,-1873
6309,-1904
6310,-1896
6311,-1923
6312,-1939
6313,-1943
6314,-1969
6315,-1991
6316,-2006
6317,-2012
6318,-2025
6319,-1992
6320,-2031
6321,-1975
6322,-2049
6323,-2020
6324,-1968
6325,-1984
6326,-1912
6327,-1814
6328,-1867
6329,-1953
6330,-2045
6331,-1995
6332,-1967
6333,-1995
6334,-2004
6335,-2059
6336,-2090
6337,-2081
6338,-2080
6339,-2103
6340,-2110
6341,-2154
6342,-2155
6343,-2134
6344,-2126
6345,-2137
6346,-2198
6347,-2229
6348,-2210
6349,-2193
6350,-2195
6351,-2159
6352,-2117
6353,-2115
6354,-2116
6355,-2149
6356,-2125
6357,-2191
6358,-2103
6359,-2097
6360,-2120
6361,-2102
6362,-2085
6363,-2075
6364,-2045
6365,-2032
6366,-2026
6367,-2027
6368,-2022
6369,-2041
6370,-2006
6371,-2069
6372,-2004
6373,-2003
6374,-2051
6375,-2028
6376,-2089
6377,-2185
6378,-2130
6379,-2061
6380,-1966
6381,-2026
6382,-2049
6383,-2010
6384,-2003
6385,-1964
6386,-1896
6387,-1901
6388,-1906
6389,-1848
6390,-1838
6391,-1802
6392,-1778
6393,-1792
6394,-1799
6395,-1773
6396,-1714
6397,-1694
6398,-1696
6399,-1731
6400,-1704
6401,-1742
6402,-1769
6403,-1762
6404,-1766
6405,-1761
6406,-1736
6407,-1692
6408,-1690
6409,-1676
6410,-1665
6411,-1635
6412,-1638
6413,-1647
6414,-1642
6415,-1654
6416,-1638
6417,-1626
6418,-1647
6419,-1670
6420,-1653
6421,-1637
6422,-1655
6423,-1682
6424,-1701
6425,-1737
6426,-1746
6427,-1742
6428,-1727
6429,-1719
6430,-1718
6431,-1726
6432,-1753
6433,-1768
6434,-1764
6435,-1751
6436,-1775
6437,-1786
6438,-1783
6439,-1822
6440,-1837
6441,-1834
6442,-1854
6443,-1843
6444,-1791
6445,-1756
6446,-1694
6447,-1653
6448,-1642
6449,-1640
6450,-1666
6451,-1687
6452,-1656
6453,-1654
6454,-1683
6455,-1678
6456,-1699
6457,-1736
6458,-1752
6459,-1757
6460,-1738
6461,-1791
6462,-1802
6463,-1834
6464,-1880
6465,-1827
6466,-1756
6467,-1794
6468,-1800
6469,-1767
6470,-1770
6471,-1800
6472,-1749
6473,-1773
6474,-1771
6475,-1754
6476,-1736
6477,-1730
6478,-1734
6479,-1774
6480,-1757
6481,-1747
6482,-1736
6483,-1755
6484,-1725
6485,-1725
6486,-1744
6487,-1729
6488,-1742
6489,-1743
6490,-1748
6491,-1781
6492,-1781
6493,-1790
6494,-1834
6495,-1874
6496,-1928
6497,-1972
6498,-1990
6499,-1975
6500,-1984
6501,-1952
6502,-1995
6503,-1998
6504,-1987
6505,-1979
6506,-1975
6507,-1954
6508,-1956
6509,-1958
6510,-1973
6511,-1917
6512,-1911
6513,-1887
6514,-1849
6515,-1890
6516,-1978
6517,-1957
6518,-1937
6519,-1960
6520,-1976
6521,-1964
6522,-1992
6523,-1946
6524,-1945
6525,-1934
6526,-1939
6527,-1975
6528,-1992
6529,-1957
6530,-1982
6531,-1989
6532,-2000
6533,-1973
6534,-1980
6535,-1975
6536,-1963
6537,-1964
6538,-1948
6539,-1943
6540,-1931
6541,-1896
6542,-1905
6543,-1924
6544,-1946
6545,-1959
6546,-1962
6547,-1955
6548,-1954
6549,-1957
6550,-1937
6551,-1978
6552,-1971
6553,-1968
6554,-1968
6555,-1953
6556,-1979
6557,-2003
6558,-1975
6559,-1972
6560,-1968
6561,-1991
6562,-1989
6563,-1976
6564,-2001
6565,-1999
6566,-1981
6567,-1979
6568,-1976
6569,-1981
6570,-1967
6571,-1955
6572,-1974
6573,-1993
6574,-1980
6575,-1985
6576,-1986
6577,-1970
6578,-1978
6579,-1970
6580,-1991
6581,-1970
6582,-1952
6583,-1961
6584,-1969
6585,-2018
6586,-2040
6587,-2063
6588,-2014
6589,-1959
6590,-1959
6591,-1914
6592,-1901
6593,-1866
6594,-1876
6595,-1854
6596,-1829
6597,-1839
6598,-1951
6599,-1953
6600,-1950
6601,-1986
6602,-1991
6603,-1960
6604,-1997
6605,-2112
6606,-2137
6607,-2112
6608,-2158
6609,-2113
6610,-2091
6611,-2076
6612,-1836
6613,-1833
6614,-1894
6615,-2007
6616,-2110
6617,-2112
6618,-2104
6619,-2215
6620,-2291
6621,-2381
6622,-2357
6623,-2346
6624,-2334
6625,-2418
6626,-2435
6627,-2398
6628,-2392
6629,-2388
6630,-2379
6631,-2423
6632,-2414
6633,-2389
6634,-2368
6635,-2310
6636,-2287
6637,-2278
6638,-2332
6639,-2382
6640,-2399
6641,-2465
6642,-2493
6643,-2517
6644,-2476
6645,-2486
6646,-2512
6647,-2504
6648,-2406
6649,-2417
6650,-2429
6651,-2382
6652,-2366
6653,-2391
6654,-2336
6655,-2222
6656,-2176
6657,-2202
6658,-2178
6659,-2223
6660,-2257
6661,-2272
6662,-2520
6663,-2539
6664,-2459
6665,-2345
6666,-2262
6667,-2253
6668,-2251
6669,-2138
6670,-2073
6671,-2008
6672,-2028
6673,-2035
6674,-2054
6675,-1979
6676,-1952
6677,-1982
6678,-1974
6679,-1989
6680,-2000
6681,-1968
6682,-2000
6683,-2026
6684,-2052
6685,-2067
6686,-2063
6687,-2052
6688,-2065
6689,-2072
6690,-2063
6691,-2035
6692,-2008
6693,-2003
6694,-2015
6695,-2020
6696,-2021
6697,-2017
6698,-2003
6699,-1987
6700,-1992
6701,-1972
6702,-1977
6703,-1980
6704,-1967
6705,-1970
6706,-1961
6707,-1956
6708,-1945
6709,-1933
6710,-1921
6711,-1923
6712,-1914
6713,-1909
6714,-1920
6715,-1922
6716,-1911
6717,-1909
6718,-1926
6719,-1920
6720,-1918
6721,-1927
6722,-1924
6723,-1946
6724,-1949
6725,-1951
6726,-1965
6727,-1969
6728,-1977
6729,-1975
6730,-1959
6731,-1976
6732,-1964
6733,-1947
6734,-1937
6735,-1934
6736,-1955
6737,-1972
6738,-1966
6739,-1960
6740,-1963
6741,-1998
6742,-2021
6743,-2020
6744,-2033
6745,-2039
6746,-2043
6747,-2031
6748,-2037
6749,-2036
6750,-2044
6751,-2058
6752,-2065
6753,-2065
6754,-2097
6755,-2110
6756,-2120
6757,-2110
6758,-2112
6759,-2113
6760,-2103
6761,-2113
6762,-2109
6763,-2095
6764,-2083
6765,-2093
6766,-2096
6767,-2116
6768,-2117
6769,-2119
6770,-2124
6771,-2119
6772,-2116
6773,-2100
6774,-2109
6775,-2101
6776,-2096
6777,-2097
6778,-2099
6779,-2089
6780,-2083
6781,-2065
6782,-2075
6783,-2090
6784,-2098
6785,-2099
6786,-2091
6787,-2065
6788,-2058
6789,-2053
6790,-2017
6791,-1968
6792,-1948
6793,-1941
6794,-1950
6795,-1937
6796,-1941
6797,-1950
6798,-1952
6799,-1957
6800,-1956
6801,-1960
6802,-1959
6803,-1957
6804,-1945
6805,-1918
6806,-1922
6807,-1921
6808,-1929
6809,-1918
6810,-1955
6811,-1938
6812,-1949
6813,-1981
6814,-1964
6815,-1936
6816,-1863
6817,-1826
6818,-1831
6819,-1838
6820,-1841
6821,-1836
6822,-1834
6823,-1834
6824,-1828
6825,-1821
6826,-1825
6827,-1822
6828,-1812
6829,-1824
6830,-1844
6831,-1820
6832,-1808
6833,-1800
6834,-1790
6835,-1812
6836,-1810
6837,-1807
6838,-1814
6839,-1837
6840,-1863
6841,-1897
6842,-1902
6843,-1899
6844,-1897
6845,-1875
6846,-1874
6847,-1865
6848,-1846
6849,-1841
6850,-1809
6851,-1823
6852,-1824
6853,-1844
6854,-1856
6855,-1872
6856,-1867
6857,-1886
6858,-1877
6859,-1904
6860,-1881
6861,-1884
6862,-1885
6863,-1864
6864,-1906
6865,-1926
6866,-1992
6867,-2030
6868,-2044
6869,-2009
6870,-2006
6871,-1996
6872,-1995
6873,-1995
6874,-1980
6875,-1998
6876,-2002
6877,-2010
6878,-2013
6879,-1999
6880,-1985
6881,-2014
6882,-2017
6883,-2002
6884,-2007
6885,-2006
6886,-2003
6887,-1985
6888,-1989
6889,-1977
6890,-1971
6891,-1979
6892,-1986
6893,-2013
6894,-2006
6895,-2033
6896,-2045
6897,-2057
6898,-2082
6899,-2081
6900,-2098
6901,-2098
6902,-2090
6903,-2084
6904,-2069
6905,-2042
6906,-2048
6907,-2027
6908,-2023
6909,-2010
6910,-2014
6911,-2022
6912,-2015
6913,-2006
6914,-1992
6915,-1995
6916,-1996
6917,-1981
6918,-1947
6919,-1968
6920,-1960
6921,-1974
6922,-1963
6923,-1954
6924,-1967
6925,-1953
6926,-1944
6927,-1927
6928,-1901
6929,-1902
6930,-1905
6931,-1901
6932,-1921
6933,-1948
6934,-1951
6935,-1956
6936,-1967
6937,-2042
6938,-2048
6939,-2022
6940,-2052
6941,-2075
6942,-2076
6943,-2102
6944,-2072
6945,-2063
6946,-2047
6947,-2039
6948,-2041
6949,-2047
6950,-2065
6951,-2061
6952,-2087
6953,-2062
6954,-2073
6955,-2111
6956,-2089
6957,-2112
6958,-2096
6959,-2105
6960,-2112
6961,-2088
6962,-2089
6963,-2097
6964,-2103
6965,-2109
6966,-2100
6967,-2109
6968,-2129
6969,-2130
6970,-2141
6971,-2131
6972,-2146
6973,-2178
6974,-2167
6975,-2168
6976,-2166
6977,-2169
6978,-2194
6979,-2203
6980,-2211
6981,-2217
6982,-2189
6983,-2180
6984,-2182
6985,-2157
6986,-2155
6987,-2114
6988,-2119
6989,-2139
6990,-2111
6991,-2082
6992,-2079
6993,-2041
6994,-2063
6995,-2064
6996,-2072
6997,-2079
6998,-2065
6999,-2074
7000,-2069
7001,-2049
7002,-2029
7003,-2038
7004,-2025
7005,-2027
7006,-2042
7007,-2034
7008,-2057
7009,-2048
7010,-2031
7011,-2030
7012,-2015
7013,-2013
7014,-2025
7015,-2017
7016,-2027
7017,-2027
7018,-2003
7019,-2010
7020,-1998
7021,-1974
7022,-1965
7023,-1961
7024,-1940
7025,-1951
7026,-1946
7027,-1952
7028,-1947
7029,-1935
7030,-1923
7031,-1906
7032,-1898
7033,-1902
7034,-1910
7035,-1924
7036,-1911
7037,-1921
7038,-1922
7039,-1904
7040,-1924
7041,-1924
7042,-1922
7043,-1938
7044,-1930
7045,-1937
7046,-1930
7047,-1930
7048,-1939
7049,-1939
7050,-1927
7051,-1943
7052,-1934
7053,-1931
7054,-1935
7055,-1923
7056,-1915
7057,-1910
7058,-1925
7059,-1920
7060,-1931
7061,-1955
7062,-1943
7063,-1957
7064,-1940
7065,-1923
7066,-1924
7067,-1904
7068,-1914
7069,-1908
7070,-1902
7071,-1935
7072,-1931
7073,-1914
7074,-1939
7075,-1930
7076,-1943
7077,-1949
7078,-1947
7079,-1965
7080,-1962
7081,-1966
7082,-1970
7083,-1974
7084,-1947
7085,-1957
7086,-1970
7087,-1958
7088,-1936
7089,-1964
7090,-1944
7091,-1935
7092,-1933
7093,-1911
7094,-1917
7095,-1916
7096,-1918
7097,-1919
7098,-1906
7099,-1912
7100,-1897
7101,-1885
7102,-1880
7103,-1891
7104,-1897
7105,-1896
7106,-1906
7107,-1902
7108,-1911
7109,-1930
7110,-1920
7111,-1918
7112,-1937
7113,-1896
7114,-1891
7115,-1897
7116,-1899
7117,-1908
7118,-1906
7119,-1916
7120,-1918
7121,-1913
7122,-1933
7123,-1938
7124,-1940
7125,-1952
7126,-1944
7127,-1930
7128,-1947
7129,-1927
7130,-1939
7131,-1960
7132,-1964
7133,-1952
7134,-1976
7135,-1946
7136,-1940
7137,-1947
7138,-1940
7139,-1944
7140,-1931
7141,-1956
7142,-1960
7143,-1954
7144,-1959
7145,-1956
7146,-1950
7147,-1950
7148,-1969
7149,-1960
7150,-1986
7151,-1977
7152,-1997
7153,-1997
7154,-1997
7155,-2001
7156,-1989
7157,-2001
7158,-1984
7159,-1957
7160,-1958
7161,-1947
7162,-1951
7163,-1979
7164,-1983
7165,-1982
7166,-1980
7167,-1987
7168,-1976
7169,-1969
7170,-1978
7171,-1992
7172,-1986
7173,-1983
7174,-1991
7175,-1978
7176,-1997
7177,-2007
7178,-1991
7179,-1994
7180,-1982
7181,-1968
7182,-1971
7183,-1981
7184,-1979
7185,-2000
7186,-1999
7187,-1991
7188,-2014
7189,-2003
7190,-2014
7191,-1997
7192,-1995
7193,-2006
7194,-1931
7195,-1923
7196,-1907
7197,-1921
7198,-1885
7199,-1888
7200,-1880
7201,-1844
7202,-1813
7203,-1809
7204,-1797
7205,-1809
7206,-1836
7207,-1827
7208,-1833
7209,-1865
7210,-1866
7211,-1910
7212,-1918
7213,-1919
7214,-1928
7215,-1912
7216,-1914
7217,-1896
7218,-1907
7219,-1902
7220,-1915
7221,-1894
7222,-1908
7223,-1903
7224,-1916
7225,-1907
7226,-1890
7227,-1912
7228,-1940
7229,-1950
7230,-1931
7231,-1933
7232,-1925
7233,-1925
7234,-1949
7235,-1937
7236,-1936
7237,-1940
7238,-1927
7239,-1934
7240,-1949
7241,-1931
7242,-1934
7243,-1933
7244,-1989
7245,-2023
7246,-2059
7247,-2042
7248,-2077
7249,-2080
7250,-2079
7251,-2107
7252,-2136
7253,-2139
7254,-2153
7255,-2129
7256,-2111
7257,-2124
7258,-2103
7259,-2060
7260,-2095
7261,-2068
7262,-2067
7263,-2076
7264,-2082
7265,-2119
7266,-2120
7267,-2150
7268,-2170
7269,-2187
7270,-2183
7271,-2206
7272,-2188
7273,-2190
7274,-2189
7275,-2228
7276,-2224
7277,-2215
7278,-2193
7279,-2216
7280,-2242
7281,-2264
7282,-2269
7283,-2263
7284,-2241
7285,-2269
7286,-2282
7287,-2278
7288,-2281
7289,-2260
7290,-2247
7291,-2283
7292,-2272
7293,-2268
7294,-2259
7295,-2260
7296,-2232
7297,-2239
7298,-2219
7299,-2206
7300,-2217
7301,-2231
7302,-2227
7303,-2253
7304,-2259
7305,-2269
7306,-2297
7307,-2283
7308,-2305
7309,-2314
7310,-2254
7311,-2227
7312,-2200
7313,-2218
7314,-2248
7315,-2227
7316,-2207
7317,-2197
7318,-2172
7319,-2162
7320,-2139
7321,-2138
7322,-2139
7323,-2125
7324,-2171
7325,-2171
7326,-2178
7327,-2164
7328,-2179
7329,-2136
7330,-2145
7331,-2133
7332,-2125
7333,-2150
7334,-2105
7335,-2068
7336,-2072
7337,-2050
7338,-2084
7339,-2109
7340,-2073
7341,-2070
7342,-2042
7343,-2034
7344,-2075
7345,-2089
7346,-2058
7347,-2080
7348,-2098
7349,-2062
7350,-2052
7351,-2071
7352,-2068
7353,-2044
7354,-1991
7355,-2057
7356,-2082
7357,-2075
7358,-2064
7359,-2089
7360,-2095
7361,-2130
7362,-2163
7363,-2150
7364,-2137
7365,-2131
7366,-2137
7367,-2168
7368,-2165
7369,-2168
7370,-2201
7371,-2234
7372,-2240
7373,-2244
7374,-2157
7375,-2130
7376,-2127
7377,-2100
7378,-2057
7379,-2077
7380,-2067
7381,-2055
7382,-2063
7383,-2043
7384,-2117
7385,-2097
7386,-2104
7387,-2065
7388,-2025
7389,-2017
7390,-2039
7391,-2018
7392,-2067
7393,-2047
7394,-2017
7395,-1946
7396,-1973
7397,-1940
7398,-1953
7399,-1994
7400,-1997
7401,-1955
7402,-1956
7403,-1947
7404,-1976
7405,-1904
7406,-1850
7407,-1862
7408,-1865
7409,-1865
7410,-1896
7411,-1877
7412,-1857
7413,-1847
7414,-1811
7415,-1830
7416,-1846
7417,-1812
7418,-1821
7419,-1837
7420,-1812
7421,-1765
7422,-1760
7423,-1785
7424,-1824
7425,-1817
7426,-1820
7427,-1852
7428,-1880
7429,-1902
7430,-1905
7431,-1911
7432,-1946
7433,-1935
7434,-1874
7435,-1913
7436,-1902
7437,-1970
7438,-1986
7439,-1967
7440,-1996
7441,-1996
7442,-1983
7443,-2017
7444,-2030
7445,-2063
7446,-2082
7447,-2087
7448,-2072
7449,-2081
7450,-2072
7451,-2115
7452,-2121
7453,-2127
7454,-2121
7455,-2126
7456,-2117
7457,-2092
7458,-2082
7459,-2046
7460,-2031
7461,-2041
7462,-2033
7463,-2041
7464,-2035
7465,-2036
7466,-2024
7467,-2019
7468,-2044
7469,-2020
7470,-2033
7471,-2036
7472,-2038
7473,-2040
7474,-2039
7475,-2038
7476,-2044
7477,-2051
7478,-2028
7479,-1995
7480,-2023
7481,-2033
7482,-2019
7483,-2028
7484,-2051
7485,-2052
7486,-2052
7487,-2036
7488,-2051
7489,-2076
7490,-2072
7491,-2081
7492,-2085
7493,-2068
7494,-2077
7495,-2066
7496,-2068
7497,-2076
7498,-2061
7499,-2053
7500,-2058
7501,-2026
7502,-2038
7503,-2028
7504,-2063
7505,-2075
7506,-2066
7507,-2089
7508,-2107
7509,-2127
7510,-2136
7511,-2138
7512,-2151
7513,-2148
7514,-2164
7515,-2153
7516,-2163
7517,-2160
7518,-2128
7519,-2122
7520,-2129
7521,-2115
7522,-2115
7523,-2098
7524,-2077
7525,-2088
7526,-2074
7527,-2050
7528,-2078
7529,-2073
7530,-2023
7531,-2009
7532,-2003
7533,-2008
7534,-1996
7535,-2026
7536,-2002
7537,-2012
7538,-2006
7539,-2005
7540,-2006
7541,-2014
7542,-2039
7543,-2067
7544,-2060
7545,-2052
7546,-2056
7547,-2032
7548,-2040
7549,-2053
7550,-2050
7551,-2047
7552,-2042
7553,-2040
7554,-2043
7555,-2046
7556,-2040
7557,-2059
7558,-2023
7559,-2041
7560,-2059
7561,-2005
7562,-2036
7563,-2032
7564,-2004
7565,-2015
7566,-2018
7567,-2016
7568,-2034
7569,-2063
7570,-2032
7571,-2056
7572,-2061
7573,-2050
7574,-2062
7575,-2026
7576,-1998
7577,-2022
7578,-2012
7579,-2019
7580,-2062
7581,-2059
7582,-2048
7583,-2046
7584,-2058
7585,-2036
7586,-2063
7587,-2051
7588,-2029
7589,-2024
7590,-2011
7591,-2002
7592,-1978
7593,-1969
7594,-1968
7595,-1973
7596,-1965
7597,-1988
7598,-2008
7599,-1993
7600,-1982
7601,-1979
7602,-1969
7603,-1963
7604,-1950
7605,-1928
7606,-1947
7607,-1937
7608,-1975
7609,-1967
7610,-1951
7611,-1986
7612,-1960
7613,-1964
7614,-1992
7615,-1981
7616,-1980
7617,-1970
7618,-1986
7619,-1961
7620,-1993
7621,-1954
7622,-1941
7623,-1945
7624,-1946
7625,-1976
7626,-2012
7627,-1996
7628,-2000
7629,-1998
7630,-1970
7631,-1984
7632,-1994
7633,-1965
7634,-1981
7635,-1976
7636,-1951
7637,-1947
7638,-1948
7639,-1945
7640,-1962
7641,-1989
7642,-1991
7643,-2014
7644,-1994
7645,-2010
7646,-2024
7647,-2008
7648,-1987
7649,-1980
7650,-1992
7651,-2017
7652,-2016
7653,-2039
7654,-2046
7655,-2061
7656,-2046
7657,-2043
7658,-2012
7659,-2000
7660,-2018
7661,-2031
7662,-2008
7663,-2018
7664,-1979
7665,-1991
7666,-1981
7667,-2004
7668,-1993
7669,-1997
7670,-1977
7671,-2028
7672,-2006
7673,-2028
7674,-2045
7675,-2053
7676,-2042
7677,-2066
7678,-2061
7679,-2061
7680,-2076
7681,-2054
7682,-2048
7683,-2091
7684,-2068
7685,-2087
7686,-2093
7687,-2086
7688,-2095
7689,-2085
7690,-2086
7691,-2061
7692,-2056
7693,-2043
7694,-2066
7695,-2032
7696,-2037
7697,-2039
7698,-2057
7699,-2077
7700,-2093
7701,-2085
7702,-2073
7703,-2073
7704,-2076
7705,-2090
7706,-2106
7707,-2107
7708,-2118
7709,-2094
7710,-2088
7711,-2078
7712,-2089
7713,-2093
7714,-2127
7715,-2133
7716,-2150
7717,-2156
7718,-2162
7719,-2167
7720,-2196
7721,-2172
7722,-2208
7723,-2205
7724,-2137
7725,-2124
7726,-2133
7727,-2117
7728,-2130
7729,-2152
7730,-2153
7731,-2173
7732,-2148
7733,-2135
7734,-2143
7735,-2097
7736,-2099
7737,-2142
7738,-2126
7739,-2138
7740,-2145
7741,-2144
7742,-2154
7743,-2128
7744,-2135
7745,-2161
7746,-2136
7747,-2136
7748,-2111
7749,-2118
7750,-2117
7751,-2123
7752,-2137
7753,-2112
7754,-2104
7755,-2080
7756,-2079
7757,-2092
7758,-2102
7759,-2142
7760,-2101
7761,-2101
7762,-2144
7763,-2123
7764,-2097
7765,-2098
7766,-2086
7767,-2078
7768,-2060
7769,-2059
7770,-2042
7771,-2031
7772,-2006
7773,-2025
7774,-2066
7775,-2074
7776,-2083
7777,-2072
7778,-2082
7779,-2115
7780,-2071
7781,-2135
7782,-2181
7783,-2157
7784,-2199
7785,-2198
7786,-2221
7787,-2168
7788,-2163
7789,-2219
7790,-2216
7791,-2210
7792,-2196
7793,-2224
7794,-2221
7795,-2228
7796,-2223
7797,-2239
7798,-2234
7799,-2200
7800,-2179
7801,-2159
7802,-2141
7803,-2141
7804,-2122
7805,-2109
7806,-2157
7807,-2131
7808,-2124
7809,-2144
7810,-2153
7811,-2158
7812,-2156
7813,-2140
7814,-2184
7815,-2168
7816,-2159
7817,-2145
7818,-2174
7819,-2150
7820,-2152
7821,-2192
7822,-2211
7823,-2208
7824,-2219
7825,-2215
7826,-2207
7827,-2242
7828,-2246
7829,-2210
7830,-2228
7831,-2146
7832,-2146
7833,-2183
7834,-2140
7835,-2170
7836,-2153
7837,-2188
7838,-2189
7839,-2130
7840,-2113
7841,-2123
7842,-2141
7843,-2129
7844,-2121
7845,-2131
7846,-2126
7847,-2115
7848,-2125
7849,-2122
7850,-2139
7851,-2155
7852,-2160
7853,-2196
7854,-2208
7855,-2256
7856,-2227
7857,-2225
7858,-2242
7859,-2226
7860,-2251
7861,-2248
7862,-2203
7863,-2231
7864,-2214
7865,-2205
7866,-2200
7867,-2206
7868,-2164
7869,-2175
7870,-2159
7871,-2134
7872,-2132
7873,-2114
7874,-2107
7875,-2104
7876,-2111
7877,-2062
7878,-2042
7879,-2038
7880,-2051
7881,-2058
7882,-2053
7883,-2033
7884,-2046
7885,-2024
7886,-2018
7887,-1994
7888,-2001
7889,-1981
7890,-1970
7891,-1974
7892,-1953
7893,-1937
7894,-1926
7895,-1939
7896,-1948
7897,-1927
7898,-1933
7899,-1937
7900,-1930
7901,-1939
7902,-1921
7903,-1910
7904,-1910
7905,-1881
7906,-1867
7907,-1879
7908,-1867
7909,-1859
7910,-1850
7911,-1864
7912,-1895
7913,-1891
7914,-1884
7915,-1902
7916,-1922
7917,-1921
7918,-1922
7919,-1932
7920,-1936
7921,-1930
7922,-1927
7923,-1915
7924,-1920
7925,-1920
7926,-1899
7927,-1910
7928,-1914
7929,-1913
7930,-1903
7931,-1902
7932,-1881
7933,-1878
7934,-1878
7935,-1886
7936,-1887
7937,-1918
7938,-1910
7939,-1929
7940,-1938
7941,-1910
7942,-1927
7943,-1916
7944,-1931
7945,-1928
7946,-1925
7947,-2015
7948,-1994
7949,-2062
7950,-2001
7951,-1980
7952,-2040
7953,-2030
7954,-2062
7955,-2094
7956,-2052
7957,-2054
7958,-2069
7959,-2027
7960,-2026
7961,-2007
7962,-1986
7963,-2000
7964,-1990
7965,-1995
7966,-1964
7967,-1959
7968,-1973
7969,-1987
7970,-2005
7971,-2016
7972,-2022
7973,-2015
7974,-2007
7975,-2026
7976,-2027
7977,-2032
7978,-2031
7979,-2026
7980,-2037
7981,-2038
7982,-2025
7983,-2027
7984,-2031
7985,-2069
7986,-2051
7987,-2036
7988,-2073
7989,-2052
7990,-2035
7991,-2068
7992,-2053
7993,-2090
7994,-2088
7995,-2052
7996,-2052
7997,-1971
7998,-1991
7999,-1921
8000,-1976
8001,-1991
8002,-1949
8003,-1957
8004,-1922
8005,-1894
8006,-1933
8007,-1916
8008,-1903
8009,-1925
8010,-1930
8011,-1934
8012,-1936
8013,-1901
8014,-1917
8015,-1927
8016,-1952
8017,-1953
8018,-1950
8019,-1929
8020,-1907
8021,-1900
8022,-1892
8023,-1913
8024,-1913
8025,-1910
8026,-1933
8027,-1926
8028,-1926
8029,-1934
8030,-1928
8031,-1932
8032,-1952
8033,-1958
8034,-1946
8035,-1913
8036,-1931
8037,-1946
8038,-1928
8039,-1957
8040,-1990
8041,-1979
8042,-1989
8043,-1974
8044,-1975
8045,-1988
8046,-1992
8047,-1982
8048,-1985
8049,-1995
8050,-2007
8051,-2015
8052,-2019
8053,-2005
8054,-2016
8055,-1991
8056,-1976
8057,-1989
8058,-1988
8059,-2001
8060,-1992
8061,-1992
8062,-2005
8063,-2022
8064,-2016
8065,-2004
8066,-2013
8067,-2010
8068,-2020
8069,-2038
8070,-2048
8071,-2056
8072,-2066
8073,-2066
8074,-2074
8075,-2063
8076,-2044
8077,-2059
8078,-2068
8079,-2052
8080,-2060
8081,-2056
8082,-2049
8083,-2055
8084,-2060
8085,-2055
8086,-2052
8087,-2027
8088,-2018
8089,-2014
8090,-1999
8091,-1997
8092,-1984
8093,-1977
8094,-1976
8095,-1975
8096,-1965
8097,-1993
8098,-1986
8099,-1972
8100,-1972
8101,-1964
8102,-1975
8103,-1991
8104,-1986
8105,-2008
8106,-2017
8107,-2024
8108,-2021
8109,-2011
8110,-2023
8111,-2033
8112,-2018
8113,-2022
8114,-2021
8115,-2015
8116,-2007
8117,-2010
8118,-2002
8119,-1997
8120,-1991
8121,-1981
8122,-1973
8123,-1963
8124,-1958
8125,-1957
8126,-1962
8127,-1963
8128,-1952
8129,-1964
8130,-1969
8131,-1970
8132,-1975
8133,-1968
8134,-1960
8135,-1968
8136,-1977
8137,-1988
8138,-1987
8139,-1986
8140,-1980
8141,-1968
8142,-1978
8143,-1988
8144,-1989
8145,-1988
8146,-1998
8147,-1995
8148,-2000
8149,-2018
8150,-2008
8151,-2005
8152,-2009
8153,-2006
8154,-2008
8155,-2005
8156,-2009
8157,-2001
8158,-2003
8159,-2021
8160,-2013
8161,-2012
8162,-2025
8163,-2021
8164,-2021
8165,-2020
8166,-2020
8167,-2029
8168,-2024
8169,-2020
8170,-2025
8171,-2022
8172,-2021
8173,-2018
8174,-2023
8175,-2029
8176,-2032
8177,-2027
8178,-2030
8179,-2030
8180,-2025
8181,-2022
8182,-2021
8183,-2021
8184,-2029
8185,-2027
8186,-2022
8187,-2025
8188,-2033
8189,-2032
8190,-2038
8191,-2048
8192,-2043
8193,-2040
8194,-2033
8195,-2037
8196,-2036
8197,-2033
8198,-2030
8199,-2027
8200,-2030
8201,-2032
8202,-2022
8203,-2018
8204,-2013
8205,-2017
8206,-2016
8207,-2018
8208,-2021
8209,-2012
8210,-2009
8211,-2005
8212,-1996
8213,-1997
8214,-1998
8215,-1997
8216,-1998
8217,-1996
8218,-1995
8219,-1992
8220,-1991
8221,-1989
8222,-1990
8223,-1994
8224,-1991
8225,-1989
8226,-1992
8227,-1993
8228,-1993
8229,-1992
8230,-1996
8231,-1999
8232,-1998
8233,-2000
8234,-1994
8235,-1995
8236,-1998
8237,-1999
8238,-1997
8239,-1999
8240,-2001
8241,-1996
8242,-1998
8243,-1997
8244,-2004
8245,-2005
8246,-2006
8247,-2006
8248,-2008
8249,-2007
8250,-2006
8251,-2001
8252,-2006
8253,-2008
8254,-2012
8255,-2012
8256,-2012
8257,-2013
8258,-2011
8259,-2009
8260,-2011
8261,-2011
8262,-2012
8263,-2010
8264,-2012
8265,-2014
8266,-2014
8267,-2011
8268,-2013
8269,-2016
8270,-2013
8271,-2016
8272,-2013
8273,-2015
8274,-2011
8275,-2010
8276,-2006
8277,-2007
8278,-2006
8279,-2003
8280,-2001
8281,-1996
8282,-1998
8283,-1993
8284,-1994
8285,-1995
8286,-1991
8287,-1990
8288,-1990
8289,-1991
8290,-1991
8291,-1989
8292,-1990
8293,-1993
8294,-1992
8295,-1992
8296,-1991
8297,-1993
8298,-1991
8299,-1990
8300,-1993
8301,-1996
8302,-1995
8303,-1992
8304,-1991
8305,-1990
8306,-1991
8307,-1990
8308,-1990
8309,-1992
8310,-1991
8311,-1991
8312,-1990
8313,-1991
8314,-1990
8315,-1989
8316,-1987
8317,-1988
8318,-1988
8319,-1987
8320,-1988
8321,-1988
8322,-1991
8323,-1989
8324,-1993
8325,-1994
8326,-1997
8327,-1995
8328,-1995
8329,-1999
8330,-1998
8331,-2002
8332,-2001
8333,-2002
8334,-2000
8335,-1998
8336,-2001
8337,-2001
8338,-2000
8339,-1999
8340,-1999
8341,-2002
8342,-2001
8343,-2000
8344,-1999
8345,-1998
8346,-1999
8347,-1999
8348,-2000
8349,-2001
8350,-2000
8351,-2000
8352,-1999
8353,-2000
8354,-2000
8355,-2000
8356,-1999
8357,-1999
8358,-2000
8359,-2001
8360,-2002
8361,-2004
8362,-2004
8363,-2003
8364,-2003
8365,-2004
8366,-2005
8367,-2004
8368,-2003
8369,-2003
8370,-2004
8371,-2004
8372,-2005
8373,-2004
8374,-2003
8375,-2001
8376,-2001
8377,-2003
8378,-2002
8379,-2001
8380,-2001
8381,-2002
8382,-2002
8383,-2003
8384,-2004
8385,-2005
8386,-2004
8387,-2004
8388,-2005
8389,-2005
8390,-2004
8391,-2003
8392,-2003
8393,-2003
8394,-2004
8395,-2003
8396,-2003
8397,-2003
8398,-2003
8399,-2002
8400,-2002
8401,-2002
8402,-2002
8403,-2002
8404,-2001
8405,-2002
8406,-2004
8407,-2003
8408,-2002
8409,-2002
8410,-2001
8411,-2002
8412,-2002
8413,-2002
8414,-2001
8415,-2001
8416,-2000
8417,-2000
8418,-2001
8419,-2001
8420,-2000
8421,-2000
8422,-2000
8423,-2001
8424,-2002
8425,-2002
8426,-2002
8427,-2003
8428,-2003
8429,-2004
8430,-2003
8431,-2002
8432,-2003
8433,-2002
8434,-2003
8435,-2003
8436,-2003
8437,-2002
8438,-2003
8439,-2003
8440,-2002
8441,-2002
8442,-2001
8443,-2001
8444,-2001
8445,-2002
8446,-2002
8447,-2002
8448,-2002
8449,-2001
8450,-2001
8451,-2002
8452,-2003
8453,-2003
8454,-2003
8455,-2002
8456,-2002
8457,-2002
8458,-2002
8459,-2002
8460,-2002
8461,-2002
8462,-2002
8463,-2001
8464,-2001
8465,-2002
8466,-2001
8467,-2001
8468,-2002
8469,-2002
8470,-2002
8471,-2002
8472,-2002
8473,-2002
8474,-2002
8475,-2003
8476,-2002
8477,-2001
8478,-2001
8479,-2001
8480,-2002
8481,-2001
8482,-2001
8483,-2001
8484,-2000
8485,-2000
8486,-2002
8487,-2002
8488,-2000
8489,-2000
8490,-2001
8491,-2001
8492,-2002
8493,-2002
8494,-2002
8495,-2002
8496,-2002
8497,-2003
8498,-2003
8499,-2003
8500,-2003
8501,-2001
8502,-2002
8503,-2003
8504,-2002
8505,-2002
8506,-2003
8507,-2003
8508,-2004
8509,-2004
8510,-2005
8511,-2004
8512,-2003
8513,-2003
8514,-2003
8515,-2003
8516,-2003
8517,-2003
8518,-2002
8519,-2003
8520,-2002
8521,-2002
8522,-2001
8523,-2002
8524,-2001
8525,-2001
8526,-2002
8527,-2002
8528,-2001
8529,-2001
8530,-2002
8531,-2003
8532,-2003
8533,-2003
8534,-2004
8535,-2004
8536,-2003
8537,-2002
8538,-2004
8539,-2004
8540,-2004
8541,-2004
8542,-2004
8543,-2005
8544,-2004
8545,-2003
8546,-2004
8547,-2003
8548,-2003
8549,-2003
8550,-2003
8551,-2004
8552,-2003
8553,-2002
8554,-2003
8555,-2003
8556,-2003
8557,-2002
8558,-2002
8559,-2002
8560,-2002
8561,-2002
8562,-2002
8563,-2001
8564,-2002
8565,-2002
8566,-2002
8567,-2002
8568,-2003
8569,-2003
8570,-2003
8571,-2004
8572,-2005
8573,-2004
8574,-2004
8575,-2004
8576,-2004
8577,-2003
8578,-2003
8579,-2003
8580,-2003
8581,-2002
8582,-2002
8583,-2002
8584,-2002
8585,-2002
8586,-2002
8587,-2002
8588,-2001
8589,-2001
8590,-2001
8591,-2001
8592,-2002
8593,-2001
8594,-2001
8595,-2001
8596,-2001
8597,-2001
8598,-2001
8599,-2002
8600,-2002
8601,-2002
8602,-2002
8603,-2002
8604,-2002
8605,-2002
8606,-2002
8607,-2002
8608,-2003
8609,-2003
8610,-2003
8611,-2004
8612,-2004
8613,-2004
8614,-2004
8615,-2005
8616,-2005
8617,-2005
8618,-2005
8619,-2004
8620,-2004
8621,-2003
8622,-2003
8623,-2004
8624,-2004
8625,-2005
8626,-2005
8627,-2005
8628,-2006
8629,-2006
8630,-2006
8631,-2006
8632,-2006
8633,-2007
8634,-2007
8635,-2007
8636,-2007
8637,-2006
8638,-2006
8639,-2007
8640,-2007
8641,-2007
8642,-2006
8643,-2007
8644,-2007
8645,-2007
8646,-2007
8647,-2006
8648,-2007
8649,-2007
8650,-2006
8651,-2006
8652,-2005
8653,-2006
8654,-2006
8655,-2006
8656,-2005
8657,-2005
8658,-2004
8659,-2005
8660,-2005
8661,-2005
8662,-2005
8663,-2005
8664,-2005
8665,-2004
8666,-2004
8667,-2004
8668,-2004
8669,-2004
8670,-2004
8671,-2004
8672,-2004
8673,-2004
8674,-2005
8675,-2004
8676,-2003
8677,-2003
8678,-2003
8679,-2003
8680,-2004
8681,-2003
